Office,State,CensusPop,raceYear,Area,RepVotes,RepCandidate,RepStatus,DemVotes,DemCandidate,DemStatus,ThirdParty,ThirdVotes,ThirdCandidate,ThirdStatus,OtherVotes,PluralityVotes,PluralityParty,ThirdVotesTotalPercent,RepVotesMajorPercent,DemVotesMajorPercent,raceNotes
House,Alabama,N/A,1940,District 1,N/A,N/A,N/A,"25,993","Boykin, Frank W.",Incumbent,N/A,N/A,N/A,N/A,N/A,"25,993",D,0,0,100,
House,Alabama,N/A,1940,District 2,N/A,N/A,N/A,"33,433","Grant, George",Incumbent,N/A,N/A,N/A,N/A,N/A,"33,433",D,0,0,100,
House,Alabama,N/A,1940,District 3,N/A,N/A,N/A,"22,906","Steagall, Henry B.",Incumbent,N/A,N/A,N/A,N/A,N/A,"22,906",D,0,0,100,
House,Alabama,N/A,1940,District 4,"3,428","McNaron, Thomas G.",Challenger,"24,870","Hobbs, Sam",Incumbent,N/A,N/A,N/A,N/A,N/A,"21,442",D,0,12.11,87.89,
House,Alabama,N/A,1940,District 5,N/A,N/A,N/A,"31,966","Starnes, Joe",Incumbent,N/A,N/A,N/A,N/A,N/A,"31,966",D,0,0,100,
House,Alabama,N/A,1940,District 6,N/A,N/A,N/A,"18,881","Jarman, Pete",Incumbent,N/A,N/A,N/A,N/A,N/A,"18,881",D,0,0,100,
House,Alabama,N/A,1940,District 7,"11,368","Hargett, A. W.",Challenger,"27,696","Bankhead, Walter Will",Challenger,N/A,N/A,N/A,N/A,N/A,"16,328",D,0,29.1,70.9,
House,Alabama,N/A,1940,District 8,N/A,N/A,N/A,"29,020","Sparkman, John J.",Incumbent,N/A,N/A,N/A,N/A,N/A,"29,020",D,0,0,100,
House,Alabama,N/A,1940,District 9,N/A,N/A,N/A,"39,660","Patrick, Luther",Incumbent,N/A,N/A,N/A,N/A,N/A,"39,660",D,0,0,100,
House,Arizona,N/A,1940,At Large,"40,360","Palmer, K. T.",Challenger,"99,424","Murdock, John R.",Incumbent,N/A,N/A,N/A,N/A,N/A,"59,064",D,0,28.87,71.13,
House,Arkansas,N/A,1940,District 1,N/A,N/A,N/A,"33,127","Gathings, Ezekiel C.",Incumbent,N/A,N/A,N/A,N/A,N/A,"33,127",D,0,0,100,
House,Arkansas,N/A,1940,District 2,N/A,N/A,N/A,"25,718","Mills, Wilbur D.",Incumbent,N/A,N/A,N/A,N/A,N/A,"25,718",D,0,0,100,
House,Arkansas,N/A,1940,District 3,"8,566","Williams, Clyde M.",Challenger,"21,060","Ellis, Clyde Taylor",Challenger,N/A,N/A,N/A,N/A,N/A,"12,494",D,0,28.91,71.09,
House,Arkansas,N/A,1940,District 4,N/A,N/A,N/A,"28,999","Cravens, Fadjo",Challenger,N/A,N/A,N/A,N/A,N/A,"28,999",D,0,0,100,
House,Arkansas,N/A,1940,District 5,N/A,N/A,N/A,"36,067","Terry, David D.",Incumbent,N/A,N/A,N/A,N/A,N/A,"36,067",D,0,0,100,
House,Arkansas,N/A,1940,District 6,N/A,N/A,N/A,"27,972","Norrell, William F.",Incumbent,N/A,N/A,N/A,N/A,N/A,"27,972",D,0,0,100,
House,Arkansas,N/A,1940,District 7,N/A,N/A,N/A,"26,994","Harris, Oren",Challenger,N/A,N/A,N/A,N/A,N/A,"26,994",D,0,0,100,
House,California,N/A,1940,District 1,N/A,N/A,N/A,N/A,N/A,N/A,Democrat-Republican,"103,547","Lea, Clarence F.",Incumbent,"5,647","97,900",D-R,94.83,0,0,"The other vote was: Lima, Albert Jason (Communist) 5,647"
House,California,N/A,1940,District 2,"71,033","Englebright, Harry L.",Incumbent,N/A,N/A,N/A,N/A,N/A,N/A,N/A,N/A,"71,033",R,0,100,0,
House,California,N/A,1940,District 3,N/A,N/A,N/A,N/A,N/A,N/A,Democrat-Republican,"135,461","Buck, Frank H.",Incumbent,"10,539","124,922",D-R,92.78,0,0,"The other vote was: Farman, C. H. (Prohibition) 10,539"
House,California,N/A,1940,District 4,"75,369","Rolph, Thomas",Challenger,N/A,N/A,N/A,Democrat and Progressive,"61,341","Havenner, Franck R.",Challenger,N/A,"14,028",R,44.87,100,0,
House,California,N/A,1940,District 5,N/A,N/A,N/A,N/A,N/A,N/A,Republican-Democrat,"119,122","Welch, Richard J.",Incumbent,N/A,"119,122",R-D,100,0,0,
House,California,N/A,1940,District 6,"131,584","Carter, Albert E.",Incumbent,N/A,N/A,N/A,N/A,N/A,N/A,N/A,N/A,"131,584",R,0,100,0,
House,California,N/A,1940,District 7,"56,808","Eltse, Ralph R.",Challenger,"72,838","Tolan, John H.",Incumbent,N/A,N/A,N/A,N/A,N/A,"16,030",D,0,43.82,56.18,
House,California,N/A,1940,District 8,N/A,N/A,N/A,N/A,N/A,N/A,Republican-Democrat,"148,180","Anderson, John Z.",Incumbent,N/A,"148,180",R-D,100,0,0,
House,California,N/A,1940,District 9,N/A,N/A,N/A,N/A,N/A,N/A,Republican-Democrat,"99,708","Gearhart, Bertrand W.",Incumbent,N/A,"99,708",R-D,100,0,0,
House,California,N/A,1940,District 10,N/A,N/A,N/A,N/A,N/A,N/A,Democrat-Republican,"125,845","Elliott, Alfred J.",Incumbent,N/A,"125,845",D-R,100,0,0,
House,California,N/A,1940,District 11,N/A,N/A,N/A,N/A,N/A,N/A,Republican-Democratic-Progressive,"170,504","Hinshaw, Carl",Incumbent,N/A,"170,504",RDP,100,0,0,
House,California,N/A,1940,District 12,"54,731","Minger, Irwin W.",Challenger,"99,494","Voorhis, H. Jerry",Incumbent,N/A,N/A,N/A,N/A,N/A,"44,763",D,0,35.49,64.51,
House,California,N/A,1940,District 13,N/A,N/A,N/A,N/A,N/A,N/A,Democrat-Republican,"127,167","Kramer, Charles",Incumbent,"36,406","90,761",D-R,77.74,0,0,"The other vote was: Randall, Charles H. (Progressive-Prohibition) 36,406"
House,California,N/A,1940,District 14,"37,939","Herberts, Herbert L.",Challenger,"73,137","Ford, Thomas Francis",Incumbent,N/A,N/A,N/A,N/A,N/A,"35,198",D,0,34.16,65.84,
House,California,N/A,1940,District 15,N/A,N/A,N/A,"94,435","Costello, John M.",Incumbent,Democrat and Progressive,"71,667","Nelson, Norris J.",Challenger,N/A,"22,768",D,43.15,0,100,
House,California,N/A,1940,District 16,N/A,N/A,N/A,N/A,N/A,N/A,Republican-Democrat,"188,049","Ford, Leland Merritt",Challenger,N/A,"188,049",R-D,100,0,0,
House,California,N/A,1940,District 17,"32,862","Hix, Clifton A.",Challenger,"75,109","Geyer, Lee E.",Incumbent,N/A,N/A,N/A,N/A,N/A,"42,247",D,0,30.44,69.56,
House,California,N/A,1940,District 18,"73,932","Johnson, Ward",Challenger,"60,764","Scott, Byron N.",Challenger,N/A,N/A,N/A,N/A,N/A,"13,168",R,0,54.89,45.11,
House,California,N/A,1940,District 19,"75,495","Loudon, Lotus H.",Challenger,"84,931","Sheppard, Harry R.",Incumbent,N/A,N/A,N/A,N/A,N/A,"9,436",D,0,47.06,52.94,
House,California,N/A,1940,District 20,"66,132","Fletcher, Ed",Challenger,"69,874","Izac, Edouard V.M.",Incumbent,N/A,N/A,N/A,N/A,N/A,"3,742",D,0,48.62,51.38,
House,Colorado,N/A,1940,District 1,"59,427","Parriott, James D.",Challenger,"110,078","Lewis, Lawrence",Incumbent,N/A,N/A,N/A,N/A,N/A,"50,651",D,0,35.06,64.94,
House,Colorado,N/A,1940,District 2,"76,859","Hill, William S.",Challenger,"66,662","Cummings, Fred",Incumbent,N/A,N/A,N/A,N/A,N/A,"10,197",R,0,53.55,46.45,
House,Colorado,N/A,1940,District 3,"70,842","Chenoweth, J. Edgar",Challenger,"65,269","Rogers, Byron G.",Challenger,N/A,N/A,N/A,N/A,N/A,"5,573",R,0,52.05,47.95,
House,Colorado,N/A,1940,District 4,"30,126","Crawford, Paul W.",Challenger,"44,095","Taylor, Edward T.",Incumbent,N/A,N/A,N/A,N/A,N/A,"13,969",D,0,40.59,59.41,
House,Connecticut,N/A,1940,District 1,"92,980","Miller, William J.",Incumbent,"109,880","Kopplemann, Herman P.",Challenger,N/A,N/A,N/A,N/A,N/A,"16,900",D,0,45.83,54.17,
House,Connecticut,N/A,1940,At Large,"365,851","Monkiewicz, Boleslaus J.",Incumbent,"407,868","Maciora, Lucien J.",Challenger,N/A,N/A,N/A,N/A,N/A,"42,017",D,0,47.28,52.72,
House,Connecticut,N/A,1940,District 2,"56,825","Ball, Thomas R.",Incumbent,"63,021","Fitzgerald, William Joseph",Challenger,N/A,N/A,N/A,N/A,N/A,"6,196",D,0,47.42,52.58,
House,Connecticut,N/A,1940,District 3,"73,078","Compton, Ranulf",Challenger,"84,439","Shanley, James A.",Incumbent,N/A,N/A,N/A,N/A,N/A,"11,361",D,0,46.39,53.61,
House,Connecticut,N/A,1940,District 4,"90,239","Austin, Albert E.",Incumbent,"90,942","Downs, Leroy D.",Challenger,N/A,N/A,N/A,N/A,N/A,703,D,0,49.81,50.19,
House,Connecticut,N/A,1940,District 5,"51,049","Johnson, Frank T.",Challenger,"62,783","Smith, J. Joseph",Incumbent,N/A,N/A,N/A,N/A,N/A,"11,734",D,0,44.85,55.15,
House,Delaware,N/A,1940,At Large,"64,384","Williams, George S.",Incumbent,"68,205","Traynor, Philip A.",Challenger,N/A,N/A,N/A,N/A,N/A,"3,821",D,0,48.56,51.44,
House,Florida,N/A,1940,District 1,N/A,N/A,N/A,"88,158","Peterson, J. Hardin",Incumbent,N/A,N/A,N/A,N/A,N/A,"88,158",D,0,0,100,
House,Florida,N/A,1940,District 2,"8,382","McHale, Francis",Challenger,"68,797","Green, Robert Alexis",Incumbent,N/A,N/A,N/A,N/A,N/A,"60,415",D,0,10.86,89.14,
House,Florida,N/A,1940,District 3,N/A,N/A,N/A,"36,573","Sikes, Robert L. F.",Challenger,N/A,N/A,N/A,N/A,N/A,"36,573",D,0,0,100,
House,Florida,N/A,1940,District 4,"27,815","Acker, Bert L.",Challenger,"84,594","Cannon, Arthur P.",Incumbent,N/A,N/A,N/A,N/A,N/A,"56,779",D,0,24.74,75.26,
House,Florida,N/A,1940,District 5,"16,214","Akerman, Emory",Challenger,"49,715","Hendricks, Joe",Incumbent,N/A,N/A,N/A,N/A,N/A,"33,501",D,0,24.59,75.41,
House,Georgia,N/A,1940,District 1,N/A,N/A,N/A,"28,601","Peterson, Hugh",Incumbent,N/A,N/A,N/A,N/A,N/A,"28,601",D,0,0,100,
House,Georgia,N/A,1940,District 2,N/A,N/A,N/A,"19,443","Cox, E. E.",Incumbent,N/A,N/A,N/A,N/A,N/A,"19,443",D,0,0,100,
House,Georgia,N/A,1940,District 3,N/A,N/A,N/A,"22,882","Pace, Stephen",Incumbent,N/A,N/A,N/A,N/A,N/A,"22,882",D,0,0,100,
House,Georgia,N/A,1940,District 4,N/A,N/A,N/A,"25,609","Camp, A. Sidney",Challenger,N/A,N/A,N/A,N/A,N/A,"25,609",D,0,0,100,
House,Georgia,N/A,1940,District 5,N/A,N/A,N/A,"41,677","Ramspeck, Robert",Incumbent,N/A,N/A,N/A,N/A,N/A,"41,677",D,0,0,100,
House,Georgia,N/A,1940,District 6,N/A,N/A,N/A,"21,966","Vinson, Carl",Incumbent,N/A,N/A,N/A,N/A,N/A,"21,966",D,0,0,100,
House,Georgia,N/A,1940,District 7,"5,062","Crawford, Lewis H.",Challenger,"32,280","Tarver, Malcolm C.",Challenger,N/A,N/A,N/A,N/A,N/A,"27,218",D,0,13.56,86.44,
House,Georgia,N/A,1940,District 8,N/A,N/A,N/A,"24,454","Gibson, John S.",Challenger,N/A,N/A,N/A,N/A,N/A,"24,454",D,0,0,100,
House,Georgia,N/A,1940,District 9,"4,025","Horton, William C.",Challenger,"25,461","Whelchel, B. Frank",Incumbent,N/A,N/A,N/A,N/A,N/A,"21,436",D,0,13.65,86.35,
House,Georgia,N/A,1940,District 10,N/A,N/A,N/A,"18,291","Brown, Paul",Incumbent,N/A,N/A,N/A,N/A,N/A,"18,291",D,0,0,100,
House,Idaho,N/A,1940,District 1,"37,999","Gaffney, Edward",Challenger,"62,107","White, Compton I.",Incumbent,N/A,N/A,N/A,N/A,N/A,"24,108",D,0,37.96,62.04,
House,Idaho,N/A,1940,District 2,"69,804","Dworshak, Henry C.",Incumbent,"61,726","Masters, Ira H.",Challenger,N/A,N/A,N/A,N/A,N/A,"8,078",R,0,53.07,46.93,
House,Illinois,N/A,1940,District 1,"30,698","King, William E.",Challenger,"34,641","Mitchell, Arthur W.",Incumbent,N/A,N/A,N/A,N/A,N/A,"3,943",D,0,46.98,53.02,
House,Illinois,N/A,1940,District 2,"146,927","Moynihan, P. H.",Challenger,"155,698","McKeough, Raymond S.",Incumbent,N/A,N/A,N/A,N/A,N/A,"8,771",D,0,48.55,51.45,
House,Illinois,N/A,1940,At Large,"2,050,493","Stratton, William G.",Challenger,"1,968,143","Smith, Thomas V.",Incumbent,Republican,"2,020,008","Day, Stephen A.",Incumbent,"1,941,925","30,485",R,25.31,51.02,48.98,"The other vote was: Orlikoski, Walter J. (Democrat) 1,913,950; Fleischman, Harry (Socialist) 7,377; Gregory, Lee S. (Socialist) 7,191; Wilson, Willis Ray (Prohibition) 6,786; Vincent, Lena Duell (Prohibition) 6,621"
House,Illinois,N/A,1940,District 3,"141,768","Roehler, Waldemar J.",Challenger,"148,382","Kelly, Edward A.",Incumbent,N/A,N/A,N/A,N/A,N/A,"6,614",D,0,48.86,51.14,
House,Illinois,N/A,1940,District 4,"21,858","Schmudde, Henry F.",Challenger,"74,977","Beam, Harry P.",Incumbent,N/A,N/A,N/A,N/A,N/A,"53,119",D,0,22.57,77.43,
House,Illinois,N/A,1940,District 5,"14,540","Dykema, Martin",Challenger,"35,637","Sabath, Adolph J.",Incumbent,N/A,N/A,N/A,N/A,N/A,"21,097",D,0,28.98,71.02,
House,Illinois,N/A,1940,District 6,"146,253","Wagner, Joseph",Challenger,"187,393","Maciejewski, A. F.",Incumbent,N/A,N/A,N/A,N/A,N/A,"41,140",D,0,43.83,56.17,
House,Illinois,N/A,1940,District 7,"220,793","Moreland, James C.",Challenger,"229,161","Schuetz, Leonard W.",Incumbent,N/A,N/A,N/A,N/A,N/A,"8,368",D,0,49.07,50.93,
House,Illinois,N/A,1940,District 8,"11,232","Champagne, Anthony V.",Challenger,"40,074","Kocialkowski, Leo",Incumbent,N/A,N/A,N/A,N/A,N/A,"28,842",D,0,21.89,78.11,
House,Illinois,N/A,1940,District 9,"56,806","Dewey, Charles S.",Challenger,"49,816","McAndrews, James",Incumbent,N/A,N/A,N/A,N/A,N/A,"6,990",R,0,53.28,46.72,
House,Illinois,N/A,1940,District 10,"199,418","Paddock, George A.",Challenger,"125,827","Haderlein, John",Challenger,N/A,N/A,N/A,N/A,N/A,"73,591",R,0,61.31,38.69,
House,Illinois,N/A,1940,District 11,"128,645","Reed, Chauncey W.",Incumbent,"70,581","Eakin, Edgar O.",Challenger,N/A,N/A,N/A,N/A,N/A,"58,064",R,0,64.57,35.43,
House,Illinois,N/A,1940,District 12,"90,744","Mason, Noah M.",Incumbent,"58,945","Engh, August C.",Challenger,N/A,N/A,N/A,N/A,N/A,"31,799",R,0,60.62,39.38,
House,Illinois,N/A,1940,District 13,"65,698","Allen, Leo E.",Incumbent,"31,502","Hayes, John B.",Challenger,N/A,N/A,N/A,N/A,N/A,"34,196",R,0,67.59,32.41,
House,Illinois,N/A,1940,District 14,"60,909","Johnson, Anton J.",Incumbent,"55,451","Dizotell, Forest",Challenger,N/A,N/A,N/A,N/A,N/A,"5,458",R,0,52.35,47.65,
House,Illinois,N/A,1940,District 15,"65,639","Chiperfield, Robert B.",Incumbent,"50,820","Gunn, Russell M.",Challenger,N/A,N/A,N/A,N/A,N/A,"14,819",R,0,56.36,43.64,
House,Illinois,N/A,1940,District 16,"79,780","Dirksen, Everett McKinley",Incumbent,"57,567","Clark, M. R.",Challenger,N/A,N/A,N/A,N/A,N/A,"22,213",R,0,58.09,41.91,
House,Illinois,N/A,1940,District 17,"56,712","Arends, Leslie C.",Incumbent,"36,102","Pitts, J. Joseph",Challenger,N/A,N/A,N/A,N/A,N/A,"20,610",R,0,61.1,38.9,
House,Illinois,N/A,1940,District 18,"64,409","Sumner, Jessie",Incumbent,"56,744","Meeks, James A.",Challenger,N/A,N/A,N/A,N/A,N/A,"7,665",R,0,53.16,46.84,
House,Illinois,N/A,1940,District 19,"75,933","Wheat, William H.",Incumbent,"74,091","Huston, Alfred D.",Challenger,N/A,N/A,N/A,N/A,N/A,"1,842",R,0,50.61,49.39,
House,Illinois,N/A,1940,District 20,"41,806","Hanks, Hardin E.",Challenger,"44,824","Barnes, James M.",Incumbent,N/A,N/A,N/A,N/A,N/A,"3,018",D,0,48.26,51.74,
House,Illinois,N/A,1940,District 21,"67,896","Howell, Evan",Challenger,"63,740","Fries, Frank W.",Incumbent,N/A,N/A,N/A,N/A,N/A,"4,156",R,0,51.58,48.42,
House,Illinois,N/A,1940,District 22,"84,381","Johnson, Calvin D.",Challenger,"98,162","Schaefer, Edwin M.",Incumbent,N/A,N/A,N/A,N/A,N/A,"13,781",D,0,46.23,53.77,
House,Illinois,N/A,1940,District 23,"61,521","Sumner, Ben O.",Challenger,"65,062","Arnold, Laurence F.",Incumbent,N/A,N/A,N/A,N/A,N/A,"3,541",D,0,48.6,51.4,
House,Illinois,N/A,1940,District 24,"49,731","Heidinger, James Vandaveer",Challenger,"43,050","Parsons, Claude V.",Incumbent,N/A,N/A,N/A,N/A,N/A,"6,681",R,0,53.6,46.4,
House,Illinois,N/A,1940,District 25,"69,165","Bishop, Cecil W.",Challenger,"67,891","Keller, Kent E.",Incumbent,N/A,N/A,N/A,N/A,N/A,"1,274",R,0,50.46,49.54,
House,Indiana,N/A,1940,District 1,"45,947","Belshaw, Elliot",Challenger,"71,606","Schulte, William T.",Incumbent,N/A,N/A,N/A,N/A,N/A,"25,659",D,0,39.09,60.91,
House,Indiana,N/A,1940,District 2,"87,652","Halleck, Charles A.",Incumbent,"63,290","Cox, James O.",Challenger,N/A,N/A,N/A,N/A,N/A,"24,362",R,0,58.07,41.93,
House,Indiana,N/A,1940,District 3,"73,914","Grant, Robert A.",Incumbent,"70,208","Sands, George",Challenger,N/A,N/A,N/A,N/A,N/A,"3,706",R,0,51.29,48.71,
House,Indiana,N/A,1940,District 4,"80,259","Gillie, George W.",Incumbent,"58,157","Corbett, Frank E.",Challenger,N/A,N/A,N/A,N/A,N/A,"22,102",R,0,57.98,42.02,
House,Indiana,N/A,1940,District 5,"78,691","Harness, Forest A.",Incumbent,"65,200","Wolf, George W.",Challenger,N/A,N/A,N/A,N/A,N/A,"13,491",R,0,54.69,45.31,
House,Indiana,N/A,1940,District 6,"80,595","Johnson, Noble J.",Incumbent,"73,449","Bauer, Lenhardt E.",Challenger,N/A,N/A,N/A,N/A,N/A,"7,146",R,0,52.32,47.68,
House,Indiana,N/A,1940,District 7,"81,632","Landis, Gerald W.",Incumbent,"74,746","Bedwell, Charles H.",Challenger,N/A,N/A,N/A,N/A,N/A,"6,886",R,0,52.2,47.8,
House,Indiana,N/A,1940,District 8,"69,761","Werner, Charles F.",Challenger,"87,141","Boehne, John W. Jr.",Incumbent,N/A,N/A,N/A,N/A,N/A,"17,380",D,0,44.46,55.54,
House,Indiana,N/A,1940,District 9,"71,624","Wilson, Earl",Challenger,"69,227","Crowe, Eugene B.",Incumbent,N/A,N/A,N/A,N/A,N/A,"2,397",R,0,50.85,49.15,
House,Indiana,N/A,1940,District 10,"80,725","Springer, Raymond S.",Incumbent,"71,478","Ward, Don C.",Challenger,N/A,N/A,N/A,N/A,N/A,"9,247",R,0,53.04,46.96,
House,Indiana,N/A,1940,District 11,"73,867","Robinson, Maurice G.",Challenger,"79,070","Larrabee, William H.",Incumbent,N/A,N/A,N/A,N/A,N/A,"5,203",D,0,48.3,51.7,
House,Indiana,N/A,1940,District 12,"72,174","Collins, James A.",Challenger,"80,954","Ludlow, Louis",Incumbent,N/A,N/A,N/A,N/A,N/A,"8,780",D,0,47.13,52.87,
House,Iowa,N/A,1940,District 1,"70,120","Martin, Thomas E.",Incumbent,"46,040","Nabers, Zoe S.",Challenger,N/A,N/A,N/A,N/A,N/A,"24,080",R,0,60.37,39.63,
House,Iowa,N/A,1940,District 2,"69,298","McCullough, W. A.",Challenger,"75,774","Jacobsen, William S.",Incumbent,N/A,N/A,N/A,N/A,N/A,"6,476",D,0,47.77,52.23,
House,Iowa,N/A,1940,District 3,"65,425","Gwynne, John W.",Incumbent,"43,709","Seemann, Ernest J.",Challenger,N/A,N/A,N/A,N/A,N/A,"21,716",R,0,59.95,40.05,
House,Iowa,N/A,1940,District 4,"66,691","Talle, Henry O.",Incumbent,"51,558","McEnaney, Morgan J.",Challenger,N/A,N/A,N/A,N/A,N/A,"15,133",R,0,56.4,43.6,
House,Iowa,N/A,1940,District 5,"66,940","Lecompte, Karl M.",Incumbent,"58,718","Stevens, Roy E.",Challenger,N/A,N/A,N/A,N/A,N/A,"8,222",R,0,53.27,46.73,
House,Iowa,N/A,1940,District 6,"70,707","Cunningham, Paul",Challenger,"64,314","Fox, E. Frank",Challenger,N/A,N/A,N/A,N/A,N/A,"6,393",R,0,52.37,47.63,
House,Iowa,N/A,1940,District 7,"71,633","Jensen, Ben F.",Incumbent,"50,644","Miller, Ernest M.",Challenger,N/A,N/A,N/A,N/A,N/A,"20,989",R,0,58.58,41.42,
House,Iowa,N/A,1940,District 8,"64,687","Giichrist, Fred C.",Challenger,"46,597","Lund, Frank J.",Challenger,N/A,N/A,N/A,N/A,N/A,"18,090",R,0,58.13,41.87,
House,Iowa,N/A,1940,District 9,"64,877","Swanson, Albert F.",Challenger,"67,017","Harrington, Vincent F.",Challenger,N/A,N/A,N/A,N/A,N/A,"2,140",D,0,49.19,50.81,
House,Kansas,N/A,1940,District 1,"64,766","Lambertson, William P.",Incumbent,"41,375","Lane, Clive R.",Challenger,N/A,N/A,N/A,N/A,N/A,"23,391",R,0,61.02,38.98,
House,Kansas,N/A,1940,District 2,"73,659","Guyer, Ulysses S.",Incumbent,"62,787","Harding, Harold H.",Challenger,N/A,N/A,N/A,N/A,N/A,"10,872",R,0,53.98,46.02,
House,Kansas,N/A,1940,District 3,"60,381","Winter, Thomas D.",Incumbent,"48,971","Ledbetter, W. E.",Challenger,N/A,N/A,N/A,N/A,N/A,"11,410",R,0,55.22,44.78,
House,Kansas,N/A,1940,District 4,"58,183","Rees, Edward H.",Incumbent,"34,957","Doolittle, Dudley",Challenger,N/A,N/A,N/A,N/A,N/A,"23,226",R,0,62.47,37.53,
House,Kansas,N/A,1940,District 5,"52,901","Taylor, Stanley",Challenger,"58,486","Houston, John M.",Incumbent,N/A,N/A,N/A,N/A,N/A,"5,585",D,0,47.49,52.51,
House,Kansas,N/A,1940,District 6,"69,627","Carlson, Frank",Incumbent,"44,702","Jones, Max",Challenger,N/A,N/A,N/A,N/A,N/A,"24,925",R,0,60.9,39.1,
House,Kansas,N/A,1940,District 7,"75,349","Hope, Clifford R.",Incumbent,"42,518","Main, Claude E.",Challenger,N/A,N/A,N/A,N/A,N/A,"32,831",R,0,63.93,36.07,
House,Kentucky,N/A,1940,District 1,N/A,N/A,N/A,"60,777","Gregory, Noble J.",Incumbent,N/A,N/A,N/A,N/A,N/A,"60,777",D,0,0,100,
House,Kentucky,N/A,1940,District 2,N/A,N/A,N/A,"69,905","Vincent, Beverly M.",Incumbent,N/A,N/A,N/A,N/A,N/A,"69,905",D,0,0,100,
House,Kentucky,N/A,1940,District 3,"64,053","Brumleve, Ben J.",Challenger,"96,253","O'Neal, Emmet",Incumbent,N/A,N/A,N/A,N/A,N/A,"32,200",D,0,39.96,60.04,
House,Kentucky,N/A,1940,District 4,"39,447","Mather, Lewis H.",Challenger,"55,561","Creal, Edward W.",Incumbent,N/A,N/A,N/A,N/A,N/A,"16,114",D,0,41.52,58.48,
House,Kentucky,N/A,1940,District 5,"32,981","Cook, Henry J.",Challenger,"51,954","Spence, Brent",Incumbent,N/A,N/A,N/A,N/A,N/A,"18,973",D,0,38.83,61.17,
House,Kentucky,N/A,1940,District 6,"48,700","Rogers, William D.",Challenger,"74,463","Chapman, Virgil",Incumbent,N/A,N/A,N/A,N/A,N/A,"25,763",D,0,39.54,60.46,
House,Kentucky,N/A,1940,District 7,"33,574","Turner, James W.",Challenger,"44,185","May, Andrew J.",Incumbent,N/A,N/A,N/A,N/A,N/A,"10,611",D,0,43.18,56.82,
House,Kentucky,N/A,1940,District 8,"44,736","Hayes, H. Clell",Challenger,"61,881","Bates, Joe B.",Incumbent,N/A,N/A,N/A,N/A,N/A,"17,145",D,0,41.96,58.04,
House,Kentucky,N/A,1940,District 9,"71,750","Robsion, John M.",Incumbent,"43,013","Rowland, Bert",Challenger,N/A,N/A,N/A,N/A,N/A,"28,737",R,0,62.52,37.48,
House,Louisiana,N/A,1940,District 1,N/A,N/A,N/A,"58,234","Hebert, F. Edward",Challenger,N/A,N/A,N/A,N/A,N/A,"58,234",D,0,0,100,
House,Louisiana,N/A,1940,District 2,N/A,N/A,N/A,"56,026","Boggs, Hale",Challenger,N/A,N/A,N/A,N/A,N/A,"56,026",D,0,0,100,
House,Louisiana,N/A,1940,District 3,"13,933","Pipes, David W. Jr.",Challenger,"27,081","Domengeaux, James",Challenger,N/A,N/A,N/A,N/A,N/A,"13,148",D,0,33.97,66.03,
House,Louisiana,N/A,1940,District 4,N/A,N/A,N/A,"33,704","Brooks, Overton",Incumbent,N/A,N/A,N/A,N/A,N/A,"33,704",D,0,0,100,
House,Louisiana,N/A,1940,District 5,N/A,N/A,N/A,"33,462","Mills, Newt V.",Incumbent,N/A,N/A,N/A,N/A,N/A,"33,462",D,0,0,100,
House,Louisiana,N/A,1940,District 6,N/A,N/A,N/A,"41,173","Sanders, Jared Y. Jr.",Challenger,N/A,N/A,N/A,N/A,N/A,"41,173",D,0,0,100,
House,Louisiana,N/A,1940,District 7,N/A,N/A,N/A,"28,518","Plauche, Vance",Challenger,N/A,N/A,N/A,N/A,N/A,"28,518",D,0,0,100,
House,Louisiana,N/A,1940,District 8,N/A,N/A,N/A,"28,904","Allen, A. Leonard",Incumbent,N/A,N/A,N/A,N/A,N/A,"28,904",D,0,0,100,
House,Maine,N/A,1940,District 1,"55,503","Oliver, James C.",Incumbent,"32,018","McDonald, Peter M.",Challenger,N/A,N/A,N/A,N/A,N/A,"23,485",R,0,63.42,36.58,
House,Maine,N/A,1940,District 2,"57,152","Smith, Margaret Chase",Challenger,"31,334","Beauchamp, Edward J.",Challenger,N/A,N/A,N/A,N/A,N/A,"25,818",R,0,64.59,35.41,
House,Maine,N/A,1940,District 3,"46,732","Fellows, Frank",Challenger,"23,934","Curran, Thomas N.",Challenger,N/A,N/A,N/A,N/A,N/A,"22,798",R,0,66.13,33.87,
House,Maryland,N/A,1940,District 1,"30,810","Duer, Robert F.",Challenger,"36,057","Ward, David Jenkins",Challenger,N/A,N/A,N/A,N/A,N/A,"5,247",D,0,46.08,53.92,
House,Maryland,N/A,1940,District 2,"59,223","Brown, Theodore F.",Challenger,"113,495","Cole, William P. Jr.",Incumbent,N/A,N/A,N/A,N/A,N/A,"54,272",D,0,34.29,65.71,
House,Maryland,N/A,1940,District 3,"24,153","Janetzke, John A.",Challenger,"38,540","D'Alesandro, Thomas Jr.",Incumbent,N/A,N/A,N/A,N/A,N/A,"14,387",D,0,38.53,61.47,
House,Maryland,N/A,1940,District 4,"38,444","Ellison, Daniel",Challenger,"50,120","Meyer, John A.",Challenger,N/A,N/A,N/A,N/A,N/A,"11,676",D,0,43.41,56.59,
House,Maryland,N/A,1940,District 5,"23,857","Torvestad, John N.",Challenger,"58,418","Sasscer, Lansdale G.",Challenger,N/A,N/A,N/A,N/A,N/A,"34,561",D,0,29,71,
House,Maryland,N/A,1940,District 6,"52,258","Johnson, Walter P.",Challenger,"60,037","Byron, William D.",Incumbent,N/A,N/A,N/A,N/A,N/A,"7,779",D,0,46.54,53.46,
House,Massachusetts,N/A,1940,District 1,"72,750","Treadway, Allen T.",Incumbent,"54,634","Akey, Clifford J.",Challenger,N/A,N/A,N/A,N/A,N/A,"18,116",R,0,57.11,42.89,
House,Massachusetts,N/A,1940,District 2,"76,373","Clason, Charles R.",Incumbent,"54,428","Doyle, Patrick A.",Challenger,N/A,N/A,N/A,N/A,N/A,"21,945",R,0,58.39,41.61,
House,Massachusetts,N/A,1940,District 3,"60,676","Simoneau, Edward T.",Challenger,"72,839","Casey, Joseph E.",Incumbent,N/A,N/A,N/A,N/A,N/A,"12,163",D,0,45.45,54.55,
House,Massachusetts,N/A,1940,District 4,"70,542","Holmes, Pehr G.",Incumbent,"60,988","McGrail, Frank J.",Challenger,N/A,N/A,N/A,N/A,N/A,"9,554",R,0,53.63,46.37,
House,Massachusetts,N/A,1940,District 5,"120,435","Rogers, Edith Nourse",Incumbent,"37,593","Roane, Francis J.",Challenger,N/A,N/A,N/A,N/A,N/A,"82,842",R,0,76.21,23.79,
House,Massachusetts,N/A,1940,District 6,"88,834","Bates, George J.",Incumbent,"35,214","Burns, James D.",Challenger,N/A,N/A,N/A,N/A,N/A,"53,620",R,0,71.61,28.39,
House,Massachusetts,N/A,1940,District 7,"52,701","Haskell, William Henry",Challenger,"89,966","Connery, Lawrence J.",Incumbent,N/A,N/A,N/A,N/A,N/A,"37,265",D,0,36.94,63.06,
House,Massachusetts,N/A,1940,District 8,"57,217","Irwin, John J.",Challenger,"71,127","Healey, Arthur D.",Incumbent,N/A,N/A,N/A,N/A,N/A,"13,910",D,0,44.58,55.42,
House,Massachusetts,N/A,1940,District 9,"74,922","Luce, Robert",Incumbent,"81,523","Eliot, Thomas H.",Challenger,N/A,N/A,N/A,N/A,N/A,"6,601",D,0,47.89,52.11,
House,Massachusetts,N/A,1940,District 10,"78,029","Tinkham, George Holden",Incumbent,"54,093","Owens, David M.",Challenger,N/A,N/A,N/A,N/A,N/A,"23,936",R,0,59.06,40.94,
House,Massachusetts,N/A,1940,District 11,"13,176","Green, Benjamin J.",Challenger,"58,041","Flaherty, Thomas A.",Incumbent,N/A,N/A,N/A,N/A,N/A,"44,865",D,0,18.5,81.5,
House,Massachusetts,N/A,1940,District 12,"27,302","Allen, Henry J.",Challenger,"97,588","McCormack, John W.",Incumbent,N/A,N/A,N/A,N/A,N/A,"70,286",D,0,21.86,78.14,
House,Massachusetts,N/A,1940,District 13,"92,651","Wigglesworth, Richard B.",Incumbent,"48,606","O'Neill, Francis G.",Challenger,N/A,N/A,N/A,N/A,N/A,"44,045",R,0,65.59,34.41,
House,Massachusetts,N/A,1940,District 14,"65,780","Martin, Joseph William Jr.",Incumbent,"55,241","Cole, Harold E.",Challenger,N/A,N/A,N/A,N/A,N/A,"10,539",R,0,54.35,45.65,
House,Massachusetts,N/A,1940,District 15,"73,358","Gifford, Charles L.",Incumbent,"53,581","Backus, George F.",Challenger,N/A,N/A,N/A,N/A,N/A,"19,777",R,0,57.79,42.21,
House,Michigan,N/A,1940,District 1,"21,399","Marshall, Donald J.",Challenger,"87,451","Tenerowicz, Rudolph G.",Incumbent,N/A,N/A,N/A,N/A,N/A,"66,052",D,0,19.66,80.34,
House,Michigan,N/A,1940,District 2,"72,235","Michener, Earl C.",Incumbent,"43,733","Burr, Redmond M.",Challenger,N/A,N/A,N/A,N/A,N/A,"28,502",R,0,62.29,37.71,
House,Michigan,N/A,1940,District 3,"74,614","Shafer, Paul W.",Incumbent,"45,138","McSherry, Charles T.",Challenger,N/A,N/A,N/A,N/A,N/A,"29,476",R,0,62.31,37.69,
House,Michigan,N/A,1940,District 4,"65,666","Hoffman, Clare E.",Incumbent,"40,443","Jarvis, Harvey Hope",Challenger,N/A,N/A,N/A,N/A,N/A,"25,223",R,0,61.89,38.11,
House,Michigan,N/A,1940,District 5,"65,240","Jonkman, Bartel J.",Challenger,"56,172","Heyns, Garrett",Challenger,N/A,N/A,N/A,N/A,N/A,"9,068",R,0,53.73,46.27,
House,Michigan,N/A,1940,District 6,"77,340","Blackney, William W.",Incumbent,"73,629","Adair, Charles R.",Challenger,N/A,N/A,N/A,N/A,N/A,"3,711",R,0,51.23,48.77,
House,Michigan,N/A,1940,District 7,"73,926","Wolcott, Jesse P.",Incumbent,"39,416","Wagner, Albert A.",Challenger,N/A,N/A,N/A,N/A,N/A,"34,510",R,0,65.22,34.78,
House,Michigan,N/A,1940,District 8,"68,265","Crawford, Fred L.",Incumbent,"43,297","Schwinger, Louis C.",Challenger,N/A,N/A,N/A,N/A,N/A,"24,968",R,0,61.19,38.81,
House,Michigan,N/A,1940,District 9,"52,343","Engel, Albert J.",Incumbent,"39,667","Fox, Noel P.",Challenger,N/A,N/A,N/A,N/A,N/A,"12,676",R,0,56.89,43.11,
House,Michigan,N/A,1940,District 10,"52,685","Woodruff, Roy O.",Incumbent,"32,289","Kelly, William J.",Challenger,N/A,N/A,N/A,N/A,N/A,"20,396",R,0,62,38,
House,Michigan,N/A,1940,District 11,"48,087","Bradley, Fred",Incumbent,"45,826","Lund, Wendell L.",Challenger,N/A,N/A,N/A,N/A,N/A,"2,261",R,0,51.2,48.8,
House,Michigan,N/A,1940,District 12,"44,733","Bennett, John B.",Challenger,"47,429","Hook, Frank E.",Incumbent,N/A,N/A,N/A,N/A,N/A,"2,696",D,0,48.54,51.46,
House,Michigan,N/A,1940,District 13,"55,115","McLeod, Clarence J.",Incumbent,"66,985","O'Brien, George D.",Challenger,N/A,N/A,N/A,N/A,N/A,"11,870",D,0,45.14,54.86,
House,Michigan,N/A,1940,District 14,"55,910","Shaeffer, George B.",Challenger,"80,463","Rabaut, Louis C.",Incumbent,N/A,N/A,N/A,N/A,N/A,"24,553",D,0,41,59,
House,Michigan,N/A,1940,District 15,"52,131","Fraser, Archie C.",Challenger,"85,239","Dingell, John D. Sr.",Incumbent,N/A,N/A,N/A,N/A,N/A,"33,108",D,0,37.95,62.05,
House,Michigan,N/A,1940,District 16,"51,276","Ford, Robert W.",Challenger,"73,956","Lesinski, John",Incumbent,N/A,N/A,N/A,N/A,N/A,"22,680",D,0,40.94,59.06,
House,Michigan,N/A,1940,District 17,"82,809","Dondero, George A.",Incumbent,"68,195","Allen, Draper",Challenger,N/A,N/A,N/A,N/A,N/A,"14,614",R,0,54.84,45.16,
House,Minnesota,N/A,1940,District 1,"88,814","Andresen, August H.",Incumbent,"27,479","Murphy, Francis L.",Challenger,Farmer-Labor,"20,700","Anderson, Endre B.",Challenger,N/A,"61,335",R,15.11,76.37,23.63,
House,Minnesota,N/A,1940,District 2,"66,610","O'Hara, Joseph P.",Challenger,"57,673","Ryan, Elmer J.",Incumbent,Farmer-Labor,"11,534","McNaught, C. E.",Challenger,N/A,"8,937",R,8.49,53.6,46.4,
House,Minnesota,N/A,1940,District 3,"63,854","Gale, Richard P.",Challenger,"28,321","Hogan, Martin A.",Challenger,Farmer-Labor,"50,222","Teigan, Henry G.",Challenger,N/A,"13,632",R,35.27,69.27,30.73,
House,Minnesota,N/A,1940,District 4,"68,525","Maas, Melvin J.",Incumbent,"15,050","Moran, Willard J.",Challenger,Farmer-Labor,"32,898","Siegel, George L.",Challenger,N/A,"35,627",R,28.25,81.99,18.01,
House,Minnesota,N/A,1940,District 5,"79,491","Youngdahl, Oscar",Incumbent,"20,720","Dowling, Lamoine Montgomery",Challenger,Farmer-Labor,"52,289","Johnson, Dewey W.",Challenger,N/A,"27,202",R,34.29,79.32,20.68,
House,Minnesota,N/A,1940,District 6,"84,023","Knutson, Harold",Incumbent,"52,504","O'Brien, E. Thomas",Challenger,N/A,N/A,N/A,N/A,N/A,"31,519",R,0,61.54,38.46,
House,Minnesota,N/A,1940,District 7,"65,958","Andersen, H. Carl",Incumbent,"21,796","O'Connor, J. L.",Challenger,Farmer-Labor,"42,356","Peterson, Harold L.",Challenger,N/A,"23,602",R,32.55,75.16,24.84,
House,Minnesota,N/A,1940,District 8,"74,521","Pittenger, William A.",Incumbent,"23,845","Raihala, M. W.",Challenger,Farmer-Labor,"39,252","Bernard, John T.",Challenger,N/A,"35,269",R,28.52,75.76,24.24,
House,Minnesota,N/A,1940,District 9,"48,324","Butler, Colvin G.",Challenger,"15,507","Timm, Frank H.",Challenger,Farmer-Labor,"48,999","Buckler, Richard Thompson",Incumbent,N/A,675,FL,43.43,75.71,24.29,
House,Mississippi,N/A,1940,District 1,N/A,N/A,N/A,"19,390","Rankin, John E.",Incumbent,N/A,N/A,N/A,N/A,N/A,"19,390",D,0,0,100,
House,Mississippi,N/A,1940,District 2,N/A,N/A,N/A,"16,939","Doxey, Wall",Incumbent,N/A,N/A,N/A,N/A,N/A,"16,939",D,0,0,100,
House,Mississippi,N/A,1940,District 3,N/A,N/A,N/A,"16,597","Whittington, William M.",Incumbent,N/A,N/A,N/A,N/A,N/A,"16,597",D,0,0,100,
House,Mississippi,N/A,1940,District 4,N/A,N/A,N/A,"15,329","Ford, Aaron Lane",Incumbent,N/A,N/A,N/A,N/A,N/A,"15,329",D,0,0,100,
House,Mississippi,N/A,1940,District 5,N/A,N/A,N/A,"24,079","Collins, Ross A.",Incumbent,N/A,N/A,N/A,N/A,N/A,"24,079",D,0,0,100,
House,Mississippi,N/A,1940,District 6,N/A,N/A,N/A,"26,679","Colmer, William M.",Incumbent,N/A,N/A,N/A,N/A,N/A,"26,679",D,0,0,100,
House,Mississippi,N/A,1940,District 7,N/A,N/A,N/A,"29,799","McGehee, Dan R.",Incumbent,N/A,N/A,N/A,N/A,N/A,"29,799",D,0,0,100,
House,Missouri,N/A,1940,District 1,"61,123","Beardsley, Henry S.",Challenger,"62,461","Romjue, Milton A.",Incumbent,N/A,N/A,N/A,N/A,N/A,"1,338",D,0,49.46,50.54,
House,Missouri,N/A,1940,District 2,"66,794","Miller, Roy O.",Challenger,"77,922","Nelson, William Lester",Incumbent,N/A,N/A,N/A,N/A,N/A,"11,128",D,0,46.16,53.84,
House,Missouri,N/A,1940,District 3,"67,757","Maughmer, Fred",Challenger,"77,424","Duncan, Richard Meloan",Incumbent,N/A,N/A,N/A,N/A,N/A,"9,667",D,0,46.67,53.33,
House,Missouri,N/A,1940,District 4,"48,181","Mitchell, John W.",Challenger,"72,331","Bell, C. Jasper",Incumbent,N/A,N/A,N/A,N/A,N/A,"24,150",D,0,39.98,60.02,
House,Missouri,N/A,1940,District 5,"53,390","Hanna, Forest W.",Challenger,"63,202","Shannon, Joseph B.",Incumbent,N/A,N/A,N/A,N/A,N/A,"9,812",D,0,45.79,54.21,
House,Missouri,N/A,1940,District 6,"78,746","Bennett, Philip A.",Challenger,"67,902","Wood, Reuben T.",Incumbent,N/A,N/A,N/A,N/A,N/A,"10,844",R,0,53.7,46.3,
House,Missouri,N/A,1940,District 7,"86,547","Short, Dewey",Incumbent,"59,344","Sigars, Vernon",Challenger,N/A,N/A,N/A,N/A,N/A,"27,203",R,0,59.32,40.68,
House,Missouri,N/A,1940,District 8,"61,567","Banta, Parke M.",Challenger,"64,263","Williams, Clyde",Incumbent,N/A,N/A,N/A,N/A,N/A,"2,696",D,0,48.93,51.07,
House,Missouri,N/A,1940,District 9,"48,704","Meyer, F. B.",Challenger,"60,204","Cannon, Clarence",Incumbent,N/A,N/A,N/A,N/A,N/A,"11,500",D,0,44.72,55.28,
House,Missouri,N/A,1940,District 10,"51,755","Davenport, C. E.",Challenger,"69,859","Zimmerman, Orville",Incumbent,N/A,N/A,N/A,N/A,N/A,"18,104",D,0,42.56,57.44,
House,Missouri,N/A,1940,District 11,"68,088","Riley, Charles J.",Challenger,"85,722","Sullivan, John B.",Challenger,N/A,N/A,N/A,N/A,N/A,"17,634",D,0,44.27,55.73,
House,Missouri,N/A,1940,District 12,"127,005","Ploeser, Walter C.",Challenger,"108,605","Anderson, C. Arthur",Incumbent,N/A,N/A,N/A,N/A,N/A,"18,400",R,0,53.9,46.1,
House,Missouri,N/A,1940,District 13,"45,262","Sanford, W. S.",Challenger,"82,417","Cochran, John J.",Incumbent,N/A,N/A,N/A,N/A,N/A,"37,155",D,0,35.45,64.55,
House,Montana,N/A,1940,District 1,"56,616","Rankin, Jeanette",Challenger,"47,352","O'Connell, Jerry J.",Challenger,N/A,N/A,N/A,N/A,N/A,"9,264",R,0,54.46,45.54,
House,Montana,N/A,1940,District 2,"49,710","Hoiness, Melvin N.",Challenger,"83,101","O'Connor, James F.",Incumbent,N/A,N/A,N/A,N/A,N/A,"33,391",D,0,37.43,62.57,
House,Nebraska,N/A,1940,District 1,"64,431","Copeland, Oren S.",Challenger,"51,524","Luckey, Henry C.",Challenger,N/A,N/A,N/A,N/A,N/A,"12,907",R,0,55.57,44.43,
House,Nebraska,N/A,1940,District 2,"52,669","Metcalfe, Theodore W.",Challenger,"68,760","McLaughlin, Charles F.",Incumbent,N/A,N/A,N/A,N/A,N/A,"16,091",D,0,43.37,56.63,
House,Nebraska,N/A,1940,District 3,"90,561","Stefan, Karl",Incumbent,"19,253","McGonigle, Victor J.",Challenger,N/A,N/A,N/A,N/A,N/A,"71,308",R,0,82.47,17.53,
House,Nebraska,N/A,1940,District 4,"66,966","Curtis, Carl T.",Incumbent,"29,311","Canaday, R. O.",Challenger,N/A,N/A,N/A,N/A,"19,807","37,655",R,0,69.56,30.44,
House,Nebraska,N/A,1940,District 5,"45,548","Howard, Bert",Challenger,"63,025","Coffee, Harry B.",Incumbent,N/A,N/A,N/A,N/A,N/A,"17,477",D,0,41.95,58.05,
House,Nevada,N/A,1940,At Large,"18,032","Lattin, Ralph W.",Challenger,"32,714","Scrugham, James G.",Incumbent,N/A,N/A,N/A,N/A,N/A,"14,682",D,0,35.53,64.47,
House,New Hampshire,N/A,1940,District 1,"57,982","Jenks, Arthur B.",Incumbent,"55,434","Roy, Alphonse",Challenger,N/A,N/A,N/A,N/A,N/A,"2,548",R,0,51.12,48.88,
House,New Hampshire,N/A,1940,District 2,"55,530","Stearns, Foster",Incumbent,"49,260","Moriarty, Daniel J.",Challenger,N/A,N/A,N/A,N/A,N/A,"6,270",R,0,52.99,47.01,
House,New Jersey,N/A,1940,District 1,"97,547","Wolverton, Charles A.",Incumbent,"77,931","Roye, Harry",Challenger,N/A,N/A,N/A,N/A,N/A,"19,616",R,0,55.59,44.41,
House,New Jersey,N/A,1940,District 2,"55,382","Jeffries, Walter Sooy",Incumbent,"60,392","Wene, Elmer H.",Challenger,N/A,N/A,N/A,N/A,N/A,"5,010",D,0,47.84,52.16,
House,New Jersey,N/A,1940,District 3,"70,890","Irwin, Joseph C.",Challenger,"76,048","Sutphin, William H.",Challenger,N/A,N/A,N/A,N/A,N/A,"5,158",D,0,48.24,51.76,
House,New Jersey,N/A,1940,District 4,"69,834","Powers, D. Lane",Incumbent,"54,909","Dignan, Thomas S.",Challenger,N/A,N/A,N/A,N/A,N/A,"14,925",R,0,55.98,44.02,
House,New Jersey,N/A,1940,District 5,"82,840","Eaton, Charles A.",Incumbent,"65,200","Tuttle, Charles R.M.",Challenger,N/A,N/A,N/A,N/A,N/A,"17,640",R,0,55.96,44.04,
House,New Jersey,N/A,1940,District 6,"78,361","McLean, Donald H.",Incumbent,"62,888","Downes, James E.",Challenger,N/A,N/A,N/A,N/A,N/A,"15,473",R,0,55.48,44.52,
House,New Jersey,N/A,1940,District 7,"82,287","Thomas, J. Parnell",Incumbent,"44,527","O'Connell, Mort L.",Challenger,N/A,N/A,N/A,N/A,N/A,"37,760",R,0,64.89,35.11,
House,New Jersey,N/A,1940,District 8,"72,197","Canfield, Gordon",Challenger,"50,622","Rosenkrans, Addison P.",Challenger,N/A,N/A,N/A,N/A,N/A,"21,575",R,0,58.78,41.22,
House,New Jersey,N/A,1940,District 9,"91,352","Osmers, Frank C. Jr.",Incumbent,"54,254","Lebson, Abram A.",Challenger,N/A,N/A,N/A,N/A,N/A,"37,098",R,0,62.74,37.26,
House,New Jersey,N/A,1940,District 10,"64,699","Hartley, Fred A. Jr.",Incumbent,"46,934","Holmwood, William E.",Challenger,N/A,N/A,N/A,N/A,N/A,"17,765",R,0,57.96,42.04,
House,New Jersey,N/A,1940,District 11,"61,606","Vreeland, Albert L.",Incumbent,"46,130","Duffy, Mary C.",Challenger,N/A,N/A,N/A,N/A,N/A,"15,476",R,0,57.18,42.82,
House,New Jersey,N/A,1940,District 12,"67,996","Kean, Robert Winthrop",Challenger,"53,677","Halleran, Thomas J.",Challenger,N/A,N/A,N/A,N/A,N/A,"14,319",R,0,55.88,44.12,
House,New Jersey,N/A,1940,District 13,"39,274","Cuddy, Raymond J.",Challenger,"92,356","Norton, Mary T.",Incumbent,N/A,N/A,N/A,N/A,N/A,"53,082",D,0,29.84,70.16,
House,New Jersey,N/A,1940,District 14,"44,893","Trankler, Otto A.",Challenger,"84,538","Hart, Edward J.",Incumbent,N/A,N/A,N/A,N/A,N/A,"39,645",D,0,34.68,65.32,
House,New Mexico,N/A,1940,At Large,"75,085","Crile, Herman R.",Challenger,"106,972","Anderson, Clinton P.",Challenger,N/A,N/A,N/A,N/A,N/A,"31,887",D,0,41.24,58.76,
House,New York,N/A,1940,District 1,"267,873","Hall, Leonard W.",Incumbent,"141,774","Farah, Frederic S.",Challenger,N/A,N/A,N/A,N/A,N/A,"126,099",R,0,65.39,34.61,
House,New York,N/A,1940,At Large,"2,830,517","Donlon, Mary",Challenger,"3,199,019","O'Day, Caroline",Incumbent,Democrat,"3,182,936","Merritt, Matthew J.",Challenger,"2,822,957","16,083",D,26.45,46.94,53.06,"The other vote was: Kendall, Messmore (Republican) 2,812,066; Estella, Helen G.H. (Prohibition) 5,679; Cranmer, Neil Dow (Prohibition) 5,212"
House,New York,N/A,1940,District 2,"170,004","Styles, Thomas J.",Challenger,"216,309","Barry, William B.",Incumbent,American Labor,"20,827","Napear, Matthew",Challenger,N/A,"46,305",D,5.12,44.01,55.99,
House,New York,N/A,1940,District 3,"17,839","Rosenthal, Samuel",Challenger,"42,884","Pfeifer, Joseph L.",Incumbent,N/A,N/A,N/A,N/A,N/A,"25,045",D,0,29.38,70.62,
House,New York,N/A,1940,District 4,"25,207","Larossa, Alfred A.",Challenger,"36,995","Cullen, Thomas H.",Incumbent,American Labor,"3,636","Giaratano, Michael",Challenger,N/A,"11,788",D,5.52,40.52,59.48,
House,New York,N/A,1940,District 5,"51,428","Evans, Marcellus Hugh",Incumbent,"63,295","Heffernan, James J.",Challenger,N/A,N/A,N/A,N/A,N/A,"11,867",D,0,44.83,55.17,
House,New York,N/A,1940,District 6,"58,507","Buck, Alfred E.",Challenger,"130,391","Somers, Andrew L.",Incumbent,American Labor,"31,945","Altman, Irving B.",Challenger,N/A,"71,884",D,14.47,30.97,69.03,
House,New York,N/A,1940,District 7,"18,765","Reinlieb, Julius",Challenger,"50,189","Delaney, John J.",Incumbent,N/A,N/A,N/A,N/A,N/A,"31,424",D,0,27.21,72.79,
House,New York,N/A,1940,District 8,"103,753","Offenhender, Jacob M.",Challenger,"217,599","O'Toole, Donald L.",Incumbent,American Labor,"52,972","Brenner, Benjamin",Challenger,N/A,"113,846",D,14.15,32.29,67.71,
House,New York,N/A,1940,District 9,"67,901","McGahie, William J.",Challenger,"92,559","Keogh, Eugene J.",Incumbent,N/A,N/A,N/A,N/A,N/A,"24,658",D,0,42.32,57.68,
House,New York,N/A,1940,District 10,"21,358","Wilson, Edward H.",Challenger,"57,286","Celler, Emanuel",Incumbent,N/A,N/A,N/A,N/A,N/A,"35,928",D,0,27.16,72.84,
House,New York,N/A,1940,District 11,"42,631","Garrett, Thomas",Challenger,"46,616","O'Leary, James A.",Incumbent,American Labor,"5,193","Roe, Wellington",Challenger,N/A,"3,985",D,5.5,47.77,52.23,
House,New York,N/A,1940,District 12,"2,976","Levine, Joseph",Challenger,"17,176","Dickstein, Samuel",Incumbent,American Labor,"3,664","Harkavy, Bernard",Challenger,N/A,"13,512",D,15.38,14.77,85.23,
House,New York,N/A,1940,District 13,"8,367","Rosenberg, John",Challenger,"18,334","Capozzoli, Louis J.",Challenger,American Labor,"2,534","Bardi, Gino",Challenger,N/A,"9,967",D,8.67,31.34,68.66,
House,New York,N/A,1940,District 14,"13,940","Bakanatch, Peter J.",Challenger,"26,455","Edelstein, M. Michael",Challenger,American Labor,"6,103","Burt, Samuel",Challenger,N/A,"12,515",D,13.13,34.51,65.49,
House,New York,N/A,1940,District 15,"13,158","Wyler, Arthur A.",Challenger,"26,314","Kennedy, Michael J.",Incumbent,American Labor,"4,623","Curran, Joseph",Challenger,N/A,"13,156",D,10.48,33.34,66.66,
House,New York,N/A,1940,District 16,"31,020","Pheiffer, William T.",Challenger,"28,837","Fay, James H.",Incumbent,American Labor,"3,874","Darcy, Thomas",Challenger,N/A,"2,183",R,6.08,51.82,48.18,
House,New York,N/A,1940,District 17,"54,636","Simpson, Kenneth F.",Challenger,"47,155","Kramer, Samuel",Challenger,American Labor,"5,845","Watson, Morris",Challenger,N/A,"7,481",R,5.43,53.67,46.33,
House,New York,N/A,1940,District 18,"24,312","Walker, James B. Jr.",Challenger,"31,151","Kennedy, Martin J.",Incumbent,American Labor,"3,612","O'Sheal, Shaemas",Challenger,N/A,"6,839",D,6.11,43.83,56.17,
House,New York,N/A,1940,District 19,"32,821","Riesner, Daniel J.",Challenger,"71,018","Bloom, Sol",Incumbent,American Labor,"9,209","Zelman, Benjamin M.",Challenger,N/A,"38,197",D,8.15,31.61,68.39,
House,New York,N/A,1940,District 20,"25,254","Marcantonio, Vito",Incumbent,"15,160","Lanzetta, James J.",Challenger,N/A,N/A,N/A,N/A,N/A,"10,094",R,0,62.49,37.51,
House,New York,N/A,1940,District 21,"46,324","Roberts, Charles H.",Challenger,"108,139","Gavagan, Joseph A.",Incumbent,American Labor,"16,529","Stern, Alfred K.",Challenger,N/A,"61,815",D,9.67,29.99,70.01,
House,New York,N/A,1940,District 22,"23,532","Cornell, F. Shepard",Challenger,"44,296","Lynch, Walter A.",Challenger,American Labor,"5,931","Crosswaith, Frank R.",Challenger,N/A,"20,764",D,8.04,34.69,65.31,
House,New York,N/A,1940,District 23,"88,083","Brown, Lowell H.",Challenger,"190,396","Buckley, Charles A.",Incumbent,American Labor,"50,293","Altman, Jack",Challenger,N/A,"102,313",D,15.3,31.63,68.37,
House,New York,N/A,1940,District 24,"136,835","Gwinn, Ralph W.",Challenger,"161,577","Fitzpatrick, James Martin",Incumbent,American Labor,"35,233","Thomas, George",Challenger,N/A,"24,742",D,10.56,45.85,54.15,
House,New York,N/A,1940,District 25,"125,412","Gamble, Ralph A.",Incumbent,"64,889","Stebbins, Homer A.",Challenger,N/A,N/A,N/A,N/A,N/A,"60,523",R,0,65.9,34.1,
House,New York,N/A,1940,District 26,"68,715","Fish, Hamilton",Incumbent,"59,739","Steeholm, Hardy",Challenger,N/A,N/A,N/A,N/A,N/A,"8,976",R,0,53.49,46.51,
House,New York,N/A,1940,District 27,"65,618","Rockefeller, Lewis K.",Incumbent,"47,610","Mutari, George J.",Challenger,N/A,N/A,N/A,N/A,N/A,"18,008",R,0,57.95,42.05,
House,New York,N/A,1940,District 28,"59,344","Waterman, William V.A.",Challenger,"89,592","Byrne, William T.",Incumbent,N/A,N/A,N/A,N/A,N/A,"30,248",D,0,39.85,60.15,
House,New York,N/A,1940,District 29,"82,328","Cluett, E. Harold",Incumbent,"43,588","Leombruno, Salvatore J.",Challenger,N/A,N/A,N/A,N/A,N/A,"38,740",R,0,65.38,34.62,
House,New York,N/A,1940,District 30,"66,159","Crowther, Frank",Incumbent,"51,270","McKillip, Burlin G.",Challenger,N/A,N/A,N/A,N/A,N/A,"14,889",R,0,56.34,43.66,
House,New York,N/A,1940,District 31,"58,727","Kilburn, Clarence E.",Challenger,"35,307","Thomas, Horatio W.",Challenger,N/A,N/A,N/A,N/A,N/A,"23,420",R,0,62.45,37.55,
House,New York,N/A,1940,District 32,"71,782","Culkin, Francis D.",Incumbent,"30,105","McCormack, Frank M.",Challenger,N/A,N/A,N/A,N/A,N/A,"41,677",R,0,70.45,29.55,
House,New York,N/A,1940,District 33,"72,412","Douglas, Fred J.",Incumbent,"52,469","Miller, Samuel H. Jr.",Challenger,N/A,N/A,N/A,N/A,N/A,"19,943",R,0,57.98,42.02,
House,New York,N/A,1940,District 34,"93,990","Hall, Edwin Arthur",Challenger,"41,027","Kramer, Donald W.",Challenger,N/A,N/A,N/A,N/A,N/A,"52,963",R,0,69.61,30.39,
House,New York,N/A,1940,District 35,"97,688","Hancock, Clarence E.",Incumbent,"69,730","Johnson, Flora D.",Challenger,N/A,N/A,N/A,N/A,N/A,"27,958",R,0,58.35,41.65,
House,New York,N/A,1940,District 36,"64,507","Taber, John",Incumbent,"40,929","Kennelly, John W.",Challenger,N/A,N/A,N/A,N/A,N/A,"23,578",R,0,61.18,38.82,
House,New York,N/A,1940,District 37,"76,630","Cole, W. Sterling",Incumbent,"38,878","Moses, David",Challenger,N/A,N/A,N/A,N/A,N/A,"37,752",R,0,66.34,33.66,
House,New York,N/A,1940,District 38,"92,866","O'Brien, Joseph J.",Incumbent,"86,197","Kelly, George B.",Challenger,N/A,N/A,N/A,N/A,N/A,"6,669",R,0,51.86,48.14,
House,New York,N/A,1940,District 39,"73,316","Wadsworth, James W. Jr.",Incumbent,"48,133","Colson, J. Frederick",Challenger,N/A,N/A,N/A,N/A,N/A,"25,183",R,0,60.37,39.63,
House,New York,N/A,1940,District 40,"119,972","Andrews, Walter Gresham",Incumbent,"76,468","Hoffman, Robert A.",Challenger,N/A,N/A,N/A,N/A,N/A,"43,504",R,0,61.07,38.93,
House,New York,N/A,1940,District 41,"57,335","Harter, J. Francis",Incumbent,"62,843","Beiter, Alfred F.",Challenger,N/A,N/A,N/A,N/A,N/A,"5,508",D,0,47.71,52.29,
House,New York,N/A,1940,District 42,"44,866","Moss, Edward F.",Challenger,"64,250","Schwert, Pius L.",Incumbent,N/A,N/A,N/A,N/A,N/A,"19,384",D,0,41.12,58.88,
House,New York,N/A,1940,District 43,"67,520","Reed, Daniel A.",Incumbent,"40,980","Bissell, Milton A.",Challenger,N/A,N/A,N/A,N/A,N/A,"26,540",R,0,62.23,37.77,
House,North Carolina,N/A,1940,District 1,"2,851","Wilkinson, John A.",Challenger,"36,722","Bonner, Herbert C.",Challenger,N/A,N/A,N/A,N/A,N/A,"33,871",D,0,7.2,92.8,
House,North Carolina,N/A,1940,District 2,N/A,N/A,N/A,"41,217","Kerr, John H.",Incumbent,N/A,N/A,N/A,N/A,N/A,"41,217",D,0,0,100,
House,North Carolina,N/A,1940,District 3,"11,248","Gaskill, Julian T.",Challenger,"33,760","Barden, Graham A.",Incumbent,N/A,N/A,N/A,N/A,N/A,"22,512",D,0,24.99,75.01,
House,North Carolina,N/A,1940,District 4,"14,926","Parker, Ezra",Challenger,"57,610","Cooley, Harold D.",Incumbent,N/A,N/A,N/A,N/A,N/A,"42,684",D,0,20.58,79.42,
House,North Carolina,N/A,1940,District 5,"15,872","Reynolds, Ottis James",Challenger,"53,778","Folger, Alonzo D.",Incumbent,N/A,N/A,N/A,N/A,N/A,"37,906",D,0,22.79,77.21,
House,North Carolina,N/A,1940,District 6,"15,259","Grissom, Gilliam",Challenger,"55,549","Durham, Carl T.",Incumbent,N/A,N/A,N/A,N/A,N/A,"40,290",D,0,21.55,78.45,
House,North Carolina,N/A,1940,District 7,"7,168","Keith, Fred R.",Challenger,"41,663","Clark, J. Bayard",Incumbent,N/A,N/A,N/A,N/A,N/A,"34,495",D,0,14.68,85.32,
House,North Carolina,N/A,1940,District 8,"28,232","Harding, F. D.B.",Challenger,"57,879","Burgin, William O.",Incumbent,N/A,N/A,N/A,N/A,N/A,"29,647",D,0,32.79,67.21,
House,North Carolina,N/A,1940,District 9,"28,287","Adams, Monroe",Challenger,"60,875","Doughton, Robert L.",Incumbent,N/A,N/A,N/A,N/A,N/A,"32,588",D,0,31.73,68.27,
House,North Carolina,N/A,1940,District 10,"37,736","Morgan, Ernest M.",Challenger,"87,156","Bulwinkle, Alfred L.",Incumbent,N/A,N/A,N/A,N/A,N/A,"49,420",D,0,30.21,69.79,
House,North Carolina,N/A,1940,District 11,"34,104","Jarrett, Robert Frank",Challenger,"75,763","Weaver, Zebulon",Incumbent,N/A,N/A,N/A,N/A,N/A,"41,659",D,0,31.04,68.96,
House,North Dakota,N/A,1940,At Large,"148,227","Burdick, Usher L.",Challenger,"63,662","Downey, R. J.",Challenger,Republican,"111,125","Robertson, Charles R.",Challenger,"107,272","37,102",R,25.83,69.96,30.04,"The other vote was: Michelson, Adolph (Democrat) 63,028; Hall, Thomas (Independent) 23,399; Omdahl, John (Independent) 20,845"
House,Ohio,N/A,1940,District 1,"84,622","Elston, Charles H.",Incumbent,"61,382","Dixon, Joseph A.",Incumbent,N/A,N/A,N/A,N/A,N/A,"23,240",R,0,57.96,42.04,
House,Ohio,N/A,1940,At Large,"1,519,628","Bender, George H.",Incumbent,"1,483,934","Young, Stephen M.",Challenger,Republican,"1,386,696","Marshall, Lycurgus L.",Challenger,"1,384,800","35,694",R,24.01,50.59,49.41,"The other vote was: Durbin, Francis W. (Democrat) 1,384,800"
House,Ohio,N/A,1940,District 2,"77,769","Hess, William E.",Incumbent,"60,410","O'Connell, James E.",Challenger,N/A,N/A,N/A,N/A,N/A,"17,359",R,0,56.28,43.72,
House,Ohio,N/A,1940,District 3,"93,002","Routzohn, Harry N.",Incumbent,"103,291","Holbrock, Greg",Challenger,N/A,N/A,N/A,N/A,N/A,"10,289",D,0,47.38,52.62,
House,Ohio,N/A,1940,District 4,"65,603","Jones, Robert F.",Incumbent,"47,820","Miller, Clarence C.",Challenger,N/A,N/A,N/A,N/A,N/A,"17,783",R,0,57.84,42.16,
House,Ohio,N/A,1940,District 5,"48,040","Clevenger, Cliff",Incumbent,"31,063","Armbruster, C. H.",Challenger,N/A,N/A,N/A,N/A,N/A,"16,977",R,0,60.73,39.27,
House,Ohio,N/A,1940,District 6,"48,257","Fitch, Chester P.",Challenger,"52,769","Davis, Jacob E.",Challenger,N/A,N/A,N/A,N/A,N/A,"4,512",D,0,47.77,52.23,
House,Ohio,N/A,1940,District 7,"83,415","Brown, Clarence J. Sr.",Incumbent,"59,667","Trump, J. Fuller",Challenger,N/A,N/A,N/A,N/A,N/A,"23,748",R,0,58.3,41.7,
House,Ohio,N/A,1940,District 8,"49,218","Smith, Frederick C.",Incumbent,"44,605","Petri, Kenneth M.",Challenger,N/A,N/A,N/A,N/A,N/A,"4,613",R,0,52.46,47.54,
House,Ohio,N/A,1940,District 9,"71,927","White, Wilbur M.",Challenger,"86,956","Hunter, John Feeney",Incumbent,N/A,N/A,N/A,N/A,N/A,"15,029",D,0,45.27,54.73,
House,Ohio,N/A,1940,District 10,"48,217","Jenkins, Thomas A.",Incumbent,"33,698","Kelso, John P.",Challenger,N/A,N/A,N/A,N/A,N/A,"14,519",R,0,58.86,41.14,
House,Ohio,N/A,1940,District 11,"37,398","Davis, Ray W.",Challenger,"43,548","Claypool, Harold K.",Incumbent,N/A,N/A,N/A,N/A,N/A,"6,150",D,0,46.2,53.8,
House,Ohio,N/A,1940,District 12,"91,767","Vorys, John M.",Incumbent,"87,115","Lammeck, A. P.",Challenger,N/A,N/A,N/A,N/A,N/A,"4,652",R,0,51.3,48.7,
House,Ohio,N/A,1940,District 13,"62,442","Baumhart, A.D. Jr.",Challenger,"40,274","Haslinger, Werner S.",Challenger,N/A,N/A,N/A,N/A,N/A,"22,168",R,0,60.79,39.21,
House,Ohio,N/A,1940,District 14,"108,016","Wanamaker, Walter B.",Challenger,"121,037","Harter, Dow W.",Incumbent,N/A,N/A,N/A,N/A,N/A,"13,021",D,0,47.16,52.84,
House,Ohio,N/A,1940,District 15,"40,233","Young, Clair A.",Challenger,"57,359","Secrest, Robert T.",Incumbent,N/A,N/A,N/A,N/A,N/A,"17,126",D,0,41.23,58.77,
House,Ohio,N/A,1940,District 16,"71,629","Seccombe, Jim",Incumbent,"92,469","Thom, William R.",Challenger,N/A,N/A,N/A,N/A,N/A,"20,840",D,0,43.65,56.35,
House,Ohio,N/A,1940,District 17,"69,102","McGregor, J. Harry",Challenger,"56,343","Lutz, Ralph C.",Challenger,N/A,N/A,N/A,N/A,N/A,"12,759",R,0,55.09,44.91,
House,Ohio,N/A,1940,District 18,"66,666","Lewis, Earl R.",Incumbent,"79,718","Imhoff, Lawrence E.",Challenger,N/A,N/A,N/A,N/A,N/A,"13,052",D,0,45.54,54.46,
House,Ohio,N/A,1940,District 19,"75,016","Anderson, Charles H.",Challenger,"122,075","Kirwan, Michael J.",Incumbent,N/A,N/A,N/A,N/A,N/A,"47,059",D,0,38.06,61.94,
House,Ohio,N/A,1940,District 20,"34,609","Pillersdorf, George",Challenger,"72,385","Sweeney, Martin L.",Incumbent,N/A,N/A,N/A,N/A,N/A,"37,776",D,0,32.35,67.65,
House,Ohio,N/A,1940,District 21,"23,658","Chizek, J. E.",Challenger,"79,602","Crosser, Robert",Incumbent,N/A,N/A,N/A,N/A,N/A,"55,944",D,0,22.91,77.09,
House,Ohio,N/A,1940,District 22,"165,322","Bolton, Frances P.",Challenger,"126,273","Fleger, Anthony A.",Challenger,N/A,N/A,N/A,N/A,N/A,"39,049",R,0,56.7,43.3,
House,Oklahoma,N/A,1940,District 1,"56,112","Boyd, W. R.",Challenger,"93,366","Disney, Wesley E.",Incumbent,N/A,N/A,N/A,N/A,N/A,"37,254",D,0,37.54,62.46,
House,Oklahoma,N/A,1940,At Large,"245,384","Harreld, John W.",Challenger,"479,433","Rogers, Will",Incumbent,N/A,N/A,N/A,N/A,N/A,"234,049",D,0,33.85,66.15,
House,Oklahoma,N/A,1940,District 2,"30,630","Clark, E. O.",Challenger,"50,351","Nichols, Jack",Incumbent,N/A,N/A,N/A,N/A,N/A,"19,721",D,0,37.82,62.18,
House,Oklahoma,N/A,1940,District 3,"18,145","McSherry, Frank D.",Challenger,"68,344","Cartwright, Wilburn",Incumbent,N/A,N/A,N/A,N/A,N/A,"50,199",D,0,20.98,79.02,
House,Oklahoma,N/A,1940,District 4,"28,046","Patrick, Clyde T.",Challenger,"69,040","Boren, Lyle H.",Incumbent,N/A,N/A,N/A,N/A,N/A,"40,994",D,0,28.89,71.11,
House,Oklahoma,N/A,1940,District 5,"34,942","Stone, Ulysses S.",Challenger,"93,457","Monroney, Almer Stillwell Mike",Incumbent,N/A,N/A,N/A,N/A,N/A,"58,515",D,0,27.21,72.79,
House,Oklahoma,N/A,1940,District 6,"22,343","Hubbell, Walter",Challenger,"52,338","Johnson, Jed",Incumbent,N/A,N/A,N/A,N/A,N/A,"29,995",D,0,29.92,70.08,
House,Oklahoma,N/A,1940,District 7,"16,246","Montgomery, Place",Challenger,"39,884","Massingale, Sam C.",Incumbent,N/A,N/A,N/A,N/A,N/A,"23,638",D,0,28.94,71.06,
House,Oklahoma,N/A,1940,District 8,"48,737","Rizley, Ross",Challenger,"41,417","Ferguson, Phil",Incumbent,N/A,N/A,N/A,N/A,N/A,"7,320",R,0,54.06,45.94,
House,Oregon,N/A,1940,District 1,"145,675","Mott, James W.",Incumbent,"63,940","Robertson, Charles A.",Challenger,N/A,N/A,N/A,N/A,N/A,"81,735",R,0,69.5,30.5,
House,Oregon,N/A,1940,District 2,"33,529","Ellis, Rex",Challenger,"44,832","Pierce, Walter M.",Incumbent,N/A,N/A,N/A,N/A,N/A,"11,303",D,0,42.79,57.21,
House,Oregon,N/A,1940,District 3,"84,275","Angell, Homer D.",Incumbent,"80,930","Honeyman, Nan Wood",Challenger,N/A,N/A,N/A,N/A,N/A,"3,345",R,0,51.01,48.99,
House,Pennsylvania,N/A,1940,District 1,"39,770","Beloff, Emanuel W.",Challenger,"64,599","Sacks, Leon",Challenger,N/A,N/A,N/A,N/A,N/A,"24,829",D,0,38.11,61.89,
House,Pennsylvania,N/A,1940,District 2,"39,489","Ashton, Augustus Trask",Challenger,"62,844","McGranery, James P.",Incumbent,N/A,N/A,N/A,N/A,N/A,"23,355",D,0,38.59,61.41,
House,Pennsylvania,N/A,1940,District 3,"44,757","Kownacki, Frank J.",Challenger,"77,436","Bradley, Michael J.",Incumbent,N/A,N/A,N/A,N/A,N/A,"32,679",D,0,36.63,63.37,
House,Pennsylvania,N/A,1940,District 4,"42,578","Golder, Benjamin M.",Challenger,"74,458","Sheridan, John Edward",Challenger,N/A,N/A,N/A,N/A,N/A,"31,880",D,0,36.38,63.62,
House,Pennsylvania,N/A,1940,District 5,"60,109","Gartner, Fred C.",Incumbent,"76,724","Smith, Francis R.",Challenger,N/A,N/A,N/A,N/A,N/A,"16,615",D,0,43.93,56.07,
House,Pennsylvania,N/A,1940,District 6,"51,313","Truscott, Frank F.",Challenger,"82,550","Myers, Francis J.",Incumbent,N/A,N/A,N/A,N/A,N/A,"31,237",D,0,38.33,61.67,
House,Pennsylvania,N/A,1940,District 7,"79,416","Scott, Hugh",Challenger,"76,054","Cassidy, Gilbert",Challenger,N/A,N/A,N/A,N/A,N/A,"3,362",R,0,51.08,48.92,
House,Pennsylvania,N/A,1940,District 8,"69,649","Wolfenden, James",Incumbent,"46,960","Saul, E. Adele Scott",Challenger,N/A,N/A,N/A,N/A,N/A,"22,689",R,0,59.73,40.27,
House,Pennsylvania,N/A,1940,District 9,"55,919","Gerlach, Charles L.",Incumbent,"50,632","Scheirer, Henry V.",Challenger,N/A,N/A,N/A,N/A,N/A,"5,287",R,0,52.48,47.52,
House,Pennsylvania,N/A,1940,District 10,"72,843","Kinzer, J. Roland",Incumbent,"53,333","May, George M.",Challenger,N/A,N/A,N/A,N/A,N/A,"19,510",R,0,57.73,42.27,
House,Pennsylvania,N/A,1940,District 11,"58,831","Gunster, Joseph F.",Challenger,"65,368","Boland, Patrick J.",Incumbent,N/A,N/A,N/A,N/A,N/A,"6,537",D,0,47.37,52.63,
House,Pennsylvania,N/A,1940,District 12,"74,305","Pool, J. Henry",Challenger,"101,854","Flannery, J. Harold",Incumbent,N/A,N/A,N/A,N/A,N/A,"27,549",D,0,42.18,57.82,
House,Pennsylvania,N/A,1940,District 13,"70,647","Fenton, Ivor D.",Incumbent,"68,501","Gildea, James H.",Challenger,N/A,N/A,N/A,N/A,N/A,"2,146",R,0,50.77,49.23,
House,Pennsylvania,N/A,1940,District 14,"31,839","Evans, Joseph C.",Challenger,"48,140","Moser, Guy L.",Incumbent,Socialist,"4,980","Hofses, Raymond S.",Challenger,N/A,"16,301",D,5.86,39.81,60.19,
House,Pennsylvania,N/A,1940,District 15,"46,740","Rutherford, Albert G.",Incumbent,"31,675","Clark, F. R.",Challenger,N/A,N/A,N/A,N/A,N/A,"15,065",R,0,59.61,40.39,
House,Pennsylvania,N/A,1940,District 16,"61,167","Rich, Robert F.",Incumbent,"39,988","Gilmore, Hugh",Challenger,N/A,N/A,N/A,N/A,N/A,"21,179",R,0,60.47,39.53,
House,Pennsylvania,N/A,1940,District 17,"75,006","Ditter, J. William",Incumbent,"45,616","Eppstein, Victor",Challenger,N/A,N/A,N/A,N/A,N/A,"29,390",R,0,62.18,37.82,
House,Pennsylvania,N/A,1940,District 18,"46,595","Simpson, Richard M.",Incumbent,"34,328","Keichline, John M.",Challenger,N/A,N/A,N/A,N/A,N/A,"12,267",R,0,57.58,42.42,
House,Pennsylvania,N/A,1940,District 19,"74,420","Kunkel, John C.",Incumbent,"62,298","Smith, John A.",Challenger,N/A,N/A,N/A,N/A,N/A,"12,122",R,0,54.43,45.57,
House,Pennsylvania,N/A,1940,District 20,"64,189","Jarrett, Benjamin",Incumbent,"44,919","Boland, John R. Jr.",Challenger,N/A,N/A,N/A,N/A,N/A,"19,270",R,0,58.83,41.17,
House,Pennsylvania,N/A,1940,District 21,"40,863","Woodley, T. Fred",Challenger,"52,530","Walter, Francis E.",Incumbent,N/A,N/A,N/A,N/A,N/A,"11,667",D,0,43.75,56.25,
House,Pennsylvania,N/A,1940,District 22,"49,532","Gross, Chester H.",Incumbent,"60,848","Haines, Harry Luther",Challenger,N/A,N/A,N/A,N/A,N/A,"11,316",D,0,44.87,55.13,
House,Pennsylvania,N/A,1940,District 23,"57,027","Van Zandt, James E.",Incumbent,"44,263","Aukerman, William M.",Challenger,N/A,N/A,N/A,N/A,N/A,"12,764",R,0,56.3,43.7,
House,Pennsylvania,N/A,1940,District 24,"41,641","Glassburn, J. Clark",Challenger,"54,631","Snyder, J. Buell",Incumbent,N/A,N/A,N/A,N/A,N/A,"12,990",D,0,43.25,56.75,
House,Pennsylvania,N/A,1940,District 25,"37,357","Crumrine, Lucius Mck.",Challenger,"58,442","Faddis, Charles I.",Incumbent,N/A,N/A,N/A,N/A,N/A,"21,085",D,0,39,61,
House,Pennsylvania,N/A,1940,District 26,"64,669","Graham, Louis E.",Incumbent,"62,273","Reising, Peter P.",Challenger,N/A,N/A,N/A,N/A,N/A,"2,396",R,0,50.94,49.06,
House,Pennsylvania,N/A,1940,District 27,"75,243","Tibbott, Harve",Incumbent,"69,736","Gray, Joseph Anthony",Challenger,N/A,N/A,N/A,N/A,N/A,"5,507",R,0,51.9,48.1,
House,Pennsylvania,N/A,1940,District 28,"44,528","Underwood, James M.",Challenger,"58,772","Kelley, Augustine B.",Challenger,N/A,N/A,N/A,N/A,N/A,"14,244",D,0,43.11,56.89,
House,Pennsylvania,N/A,1940,District 29,"50,147","Rodgers, Robert L.",Incumbent,"41,924","Lavery, James F.",Challenger,N/A,N/A,N/A,N/A,N/A,"8,223",R,0,54.47,45.53,
House,Pennsylvania,N/A,1940,District 30,"62,097","Corbett, Robert J.",Incumbent,"62,450","Scanlon, Thomas E.",Challenger,N/A,N/A,N/A,N/A,N/A,353,D,0,49.86,50.14,
House,Pennsylvania,N/A,1940,District 31,"59,960","McDowell, John",Incumbent,"76,819","Weiss, Samuel A.",Challenger,N/A,N/A,N/A,N/A,N/A,"16,859",D,0,43.84,56.16,
House,Pennsylvania,N/A,1940,District 32,"28,196","Jackson, Samuel M.",Challenger,"62,121","Eberharter, Herman P.",Incumbent,N/A,N/A,N/A,N/A,N/A,"33,925",D,0,31.22,68.78,
House,Pennsylvania,N/A,1940,District 33,"57,737","Marsh, James I.",Challenger,"70,824","McArdle, Joseph A.",Incumbent,N/A,N/A,N/A,N/A,N/A,"13,087",D,0,44.91,55.09,
House,Pennsylvania,N/A,1940,District 34,"64,336","McKinley, Robert B.",Challenger,"75,004","Wright, James A.",Challenger,N/A,N/A,N/A,N/A,N/A,"10,668",D,0,46.17,53.83,
House,Rhode Island,N/A,1940,District 1,"64,539","Risk, Charles F.",Incumbent,"87,530","Forand, Aime J.",Challenger,N/A,N/A,N/A,N/A,N/A,"22,991",D,0,42.44,57.56,
House,Rhode Island,N/A,1940,District 2,"74,987","Sandager, Harry",Incumbent,"87,332","Fogarty, John E.",Challenger,N/A,N/A,N/A,N/A,N/A,"12,345",D,0,46.2,53.8,
House,South Carolina,N/A,1940,District 1,N/A,N/A,N/A,"16,626","Rivers, L. Mendel",Challenger,N/A,N/A,N/A,N/A,N/A,"16,626",D,0,0,100,
House,South Carolina,N/A,1940,District 2,N/A,N/A,N/A,"14,920","Fulmer, Hampton P.",Incumbent,N/A,N/A,N/A,N/A,N/A,"14,920",D,0,0,100,
House,South Carolina,N/A,1940,District 3,N/A,N/A,N/A,"15,977","Hare, Butler B.",Incumbent,N/A,N/A,N/A,N/A,N/A,"15,977",D,0,0,100,
House,South Carolina,N/A,1940,District 4,N/A,N/A,N/A,"23,825","Bryson, Joseph R.",Incumbent,N/A,N/A,N/A,N/A,N/A,"23,825",D,0,0,100,
House,South Carolina,N/A,1940,District 5,N/A,N/A,N/A,"14,754","Richards, James P.",Incumbent,N/A,N/A,N/A,N/A,N/A,"14,754",D,0,0,100,
House,South Carolina,N/A,1940,District 6,N/A,N/A,N/A,"12,074","McMmillan, John L.",Incumbent,N/A,N/A,N/A,N/A,N/A,"12,074",D,0,0,100,
House,South Dakota,N/A,1940,At Large,"135,406","Mundt, Karl E.",Incumbent,"91,967","Fosheim, Oscar",Challenger,N/A,N/A,N/A,N/A,N/A,"43,439",R,0,59.55,40.45,
House,South Dakota,N/A,1940,District 2,"47,051","Case, Francis H.",Incumbent,"24,177","Watwood, Arthur W.",Challenger,N/A,N/A,N/A,N/A,N/A,"22,874",R,0,66.06,33.94,
House,Tennessee,N/A,1940,District 1,"39,577","Reece, B. Carroll",Incumbent,"18,051","Walker, R. E.",Challenger,N/A,N/A,N/A,N/A,N/A,"21,526",R,0,68.68,31.32,
House,Tennessee,N/A,1940,District 2,"41,274","Jennings, John Jr.",Challenger,"31,663","Jones, Clay",Challenger,N/A,N/A,N/A,N/A,N/A,"9,611",R,0,56.59,43.41,
House,Tennessee,N/A,1940,District 3,"16,099","Taylor, Jerome",Challenger,"35,332","Kefauver, Estes",Challenger,N/A,N/A,N/A,N/A,N/A,"19,233",D,0,31.3,68.7,
House,Tennessee,N/A,1940,District 4,"4,777","McLean, H. E.",Challenger,"38,278","Gore, Albert Sr.",Incumbent,N/A,N/A,N/A,N/A,N/A,"33,501",D,0,11.1,88.9,
House,Tennessee,N/A,1940,District 5,"3,459","Campbell, Julian H.",Challenger,"20,933","Byrns, Joseph W. Jr.",Challenger,Independent,"24,565","Priest, J. Percy",Challenger,N/A,"3,632",I,50.18,14.18,85.82,
House,Tennessee,N/A,1940,District 6,N/A,N/A,N/A,"24,536","Courtney, Wirt",Challenger,N/A,N/A,N/A,N/A,N/A,"24,536",D,0,0,100,
House,Tennessee,N/A,1940,District 7,N/A,N/A,N/A,"25,590","Pearson, Herron",Incumbent,N/A,N/A,N/A,N/A,N/A,"25,590",D,0,0,100,
House,Tennessee,N/A,1940,District 8,N/A,N/A,N/A,"32,002","Cooper, Jere",Incumbent,N/A,N/A,N/A,N/A,"2,760","32,002",D,0,0,100,
House,Tennessee,N/A,1940,District 9,N/A,N/A,N/A,"55,952","Davis, Clifford",Challenger,N/A,N/A,N/A,N/A,N/A,"55,952",D,0,0,100,
House,Texas,N/A,1940,District 1,N/A,N/A,N/A,"27,030","Patman, Wright",Incumbent,N/A,N/A,N/A,N/A,N/A,"27,030",D,0,0,100,
House,Texas,N/A,1940,District 2,N/A,N/A,N/A,"43,597","Dies, Martin",Incumbent,N/A,N/A,N/A,N/A,N/A,"43,597",D,0,0,100,
House,Texas,N/A,1940,District 3,N/A,N/A,N/A,"47,292","Beckworth, Lindley",Incumbent,N/A,N/A,N/A,N/A,N/A,"47,292",D,0,0,100,
House,Texas,N/A,1940,District 4,N/A,N/A,N/A,"46,333","Rayburn, Sam",Incumbent,N/A,N/A,N/A,N/A,N/A,"46,333",D,0,0,100,
House,Texas,N/A,1940,District 5,"8,273","Royer, Floyd E.",Challenger,"57,789","Sumners, Hatton W.",Incumbent,N/A,N/A,N/A,N/A,N/A,"49,516",D,0,12.52,87.48,
House,Texas,N/A,1940,District 6,N/A,N/A,N/A,"33,546","Johnson, Luther A.",Incumbent,N/A,N/A,N/A,N/A,N/A,"33,546",D,0,0,100,
House,Texas,N/A,1940,District 7,N/A,N/A,N/A,"30,384","Patton, Nat",Incumbent,N/A,N/A,N/A,N/A,N/A,"30,384",D,0,0,100,
House,Texas,N/A,1940,District 8,N/A,N/A,N/A,"89,796","Thomas, Albert",Incumbent,N/A,N/A,N/A,N/A,N/A,"89,796",D,0,0,100,
House,Texas,N/A,1940,District 9,N/A,N/A,N/A,"52,754","Mansfield, Joseph Jefferson",Incumbent,N/A,N/A,N/A,N/A,N/A,"52,754",D,0,0,100,
House,Texas,N/A,1940,District 10,N/A,N/A,N/A,"48,442","Johnson, Lyndon B.",Incumbent,N/A,N/A,N/A,N/A,N/A,"48,442",D,0,0,100,
House,Texas,N/A,1940,District 11,N/A,N/A,N/A,"41,432","Poage, W. R.",Incumbent,N/A,N/A,N/A,N/A,N/A,"41,432",D,0,0,100,
House,Texas,N/A,1940,District 12,N/A,N/A,N/A,"54,108","Lanham, Fritz G.",Incumbent,N/A,N/A,N/A,N/A,N/A,"54,108",D,0,0,100,
House,Texas,N/A,1940,District 13,N/A,N/A,N/A,"50,076","Gossett, Ed",Incumbent,N/A,N/A,N/A,N/A,N/A,"50,076",D,0,0,100,
House,Texas,N/A,1940,District 14,N/A,N/A,N/A,"59,016","Kleberg, Richard M.",Incumbent,N/A,N/A,N/A,N/A,N/A,"59,016",D,0,0,100,
House,Texas,N/A,1940,District 15,"2,628","Simpson, J. A.",Challenger,"32,300","West, Milton H.",Incumbent,N/A,N/A,N/A,N/A,N/A,"29,672",D,0,7.52,92.48,
House,Texas,N/A,1940,District 16,N/A,N/A,N/A,"34,515","Thomason, R. Ewing",Incumbent,N/A,N/A,N/A,N/A,N/A,"34,515",D,0,0,100,
House,Texas,N/A,1940,District 17,N/A,N/A,N/A,"45,456","Russell, Sam",Challenger,N/A,N/A,N/A,N/A,N/A,"45,456",D,0,0,100,
House,Texas,N/A,1940,District 18,N/A,N/A,N/A,"51,660","Worley, Eugene",Challenger,N/A,N/A,N/A,N/A,N/A,"51,660",D,0,0,100,
House,Texas,N/A,1940,District 19,N/A,N/A,N/A,"56,343","Mahon, George H.",Incumbent,N/A,N/A,N/A,N/A,N/A,"56,343",D,0,0,100,
House,Texas,N/A,1940,District 20,"9,296","Hotchkin, Harry",Challenger,"47,075","Kilday, Paul J.",Incumbent,N/A,N/A,N/A,N/A,N/A,"37,779",D,0,16.49,83.51,
House,Texas,N/A,1940,District 21,"3,832","Ridenhower, Ray",Challenger,"49,468","South, Charles L.",Incumbent,N/A,N/A,N/A,N/A,N/A,"45,636",D,0,7.19,92.81,
House,Utah,N/A,1940,District 1,"47,021","Young, Leroy B.",Challenger,"62,654","Granger, Walter K.",Challenger,N/A,N/A,N/A,N/A,N/A,"15,633",D,0,42.87,57.13,
House,Utah,N/A,1940,District 2,"50,332","Christensen, A. Sherman",Challenger,"84,874","Robinson, J. W.",Incumbent,N/A,N/A,N/A,N/A,N/A,"34,542",D,0,37.23,62.77,
House,Vermont,N/A,1940,At Large,"89,637","Plumley, Charles A.",Incumbent,"50,804","Rock, Michael J.",Challenger,N/A,N/A,N/A,N/A,N/A,"38,833",R,0,63.83,36.17,
House,Virginia,N/A,1940,District 1,N/A,N/A,N/A,"22,493","Bland, Schuyler Otis",Incumbent,N/A,N/A,N/A,N/A,N/A,"22,493",D,0,0,100,
House,Virginia,N/A,1940,District 2,N/A,N/A,N/A,"29,788","Darden, Colgate W. Jr.",Incumbent,N/A,N/A,N/A,N/A,N/A,"29,788",D,0,0,100,
House,Virginia,N/A,1940,District 3,N/A,N/A,N/A,"34,885","Satterfield, David E. Jr.",Challenger,N/A,N/A,N/A,N/A,N/A,"34,885",D,0,0,100,
House,Virginia,N/A,1940,District 4,N/A,N/A,N/A,"19,043","Drewry, Patrick Henry",Incumbent,N/A,N/A,N/A,N/A,N/A,"19,043",D,0,0,100,
House,Virginia,N/A,1940,District 5,N/A,N/A,N/A,"25,631","Burch, Thomas G.",Incumbent,N/A,N/A,N/A,N/A,N/A,"25,631",D,0,0,100,
House,Virginia,N/A,1940,District 6,"13,864","McWane, Fred W.",Challenger,"30,046","Woodrum, Clifton A.",Incumbent,N/A,N/A,N/A,N/A,N/A,"16,182",D,0,31.57,68.43,
House,Virginia,N/A,1940,District 7,"13,964","Garber, J. A.",Challenger,"26,233","Robertson, A. Willis",Incumbent,N/A,N/A,N/A,N/A,N/A,"12,269",D,0,34.74,65.26,
House,Virginia,N/A,1940,District 8,"8,794","Goodloe, Henry B.",Challenger,"33,031","Smith, Howard Worth",Incumbent,N/A,N/A,N/A,N/A,N/A,"24,237",D,0,21.03,78.97,
House,Virginia,N/A,1940,District 9,"24,109","Parks, Fred C.",Challenger,"32,412","Flannagan, John W. Jr.",Incumbent,N/A,N/A,N/A,N/A,N/A,"8,303",D,0,42.65,57.35,
House,Washington,N/A,1940,District 1,"71,110","Wettrick, Fred J.",Challenger,"113,988","Magnuson, Warren G.",Incumbent,N/A,N/A,N/A,N/A,N/A,"42,878",D,0,38.42,61.58,
House,Washington,N/A,1940,District 2,"49,209","Peterson, Payson",Challenger,"66,314","Jackson, Henry M.",Challenger,N/A,N/A,N/A,N/A,N/A,"17,105",D,0,42.6,57.4,
House,Washington,N/A,1940,District 3,"48,700","Mack, Russell V.",Challenger,"60,529","Smith, Martin F.",Incumbent,N/A,N/A,N/A,N/A,N/A,"11,829",D,0,44.59,55.41,
House,Washington,N/A,1940,District 4,"48,003","Miller, Frank",Challenger,"50,493","Hill, Knute",Incumbent,N/A,N/A,N/A,N/A,N/A,"2,490",D,0,48.74,51.26,
House,Washington,N/A,1940,District 5,"54,258","Horan, Walt",Challenger,"67,582","Leavy, Charles H.",Incumbent,N/A,N/A,N/A,N/A,N/A,"13,324",D,0,44.53,55.47,
House,Washington,N/A,1940,District 6,"42,334","Preus, Paul A.",Challenger,"71,536","Coffee, John M.",Incumbent,N/A,N/A,N/A,N/A,N/A,"29,202",D,0,37.18,62.82,
House,West Virginia,N/A,1940,District 1,"63,906","Schiffler, A. C.",Challenger,"72,717","Ramsay, Robert L.",Challenger,N/A,N/A,N/A,N/A,N/A,"8,811",D,0,46.78,53.22,
House,West Virginia,N/A,1940,District 2,"56,911","Sharp, Summers H.",Challenger,"77,045","Randolph, Jennings",Incumbent,N/A,N/A,N/A,N/A,N/A,"20,134",D,0,42.48,57.52,
House,West Virginia,N/A,1940,District 3,"60,810","Waugh, H. Roy",Challenger,"79,441","Edmiston, Andrew",Incumbent,N/A,N/A,N/A,N/A,N/A,"18,631",D,0,43.36,56.64,
House,West Virginia,N/A,1940,District 4,"74,491","Hiteshew, Harry O.",Challenger,"82,979","Johnson, George W.",Incumbent,N/A,N/A,N/A,N/A,N/A,"8,488",D,0,47.3,52.7,
House,West Virginia,N/A,1940,District 5,"48,223","Sanders, Hartley",Challenger,"81,903","Kee, John",Incumbent,N/A,N/A,N/A,N/A,N/A,"33,680",D,0,37.06,62.94,
House,West Virginia,N/A,1940,District 6,"65,762","O'Connor, R. E.",Challenger,"105,927","Smith, Joe Luther",Incumbent,N/A,N/A,N/A,N/A,N/A,"40,165",D,0,38.3,61.7,
House,Wisconsin,N/A,1940,District 1,"69,276","Bolles, Stephen",Incumbent,"26,520","Weisman, Jacob M.",Challenger,Progressive,"28,308","Slagg, Stanley W.",Challenger,N/A,"40,968",R,22.81,72.32,27.68,
House,Wisconsin,N/A,1940,District 2,"58,121","Hawks, Charles Jr.",Incumbent,"18,237","Brooks, Thomas R.",Challenger,Progressive,"60,481","Sauthoff, Harry",Challenger,N/A,"2,360",PR,44.2,76.12,23.88,
House,Wisconsin,N/A,1940,District 3,"54,457","Stevenson, William H.",Challenger,"11,806","Doherty, George T.",Challenger,Progressive,"52,131","Withrow, Gardner R.",Challenger,N/A,"2,326",R,44.03,82.18,17.82,
House,Wisconsin,N/A,1940,District 4,"50,796","Schafer, John C.",Incumbent,"57,381","Wasielewski, Thaddeus F.B.",Challenger,Progressive,"52,907","Fons, Leonard C.",Challenger,N/A,"4,474",D,32.84,46.96,53.04,
House,Wisconsin,N/A,1940,District 5,"73,728","Thill, Lewis D.",Incumbent,"37,872","Murphy, Francis T.",Challenger,Progressive,"54,501","Pasch, James M.",Challenger,N/A,"19,227",R,32.81,66.06,33.94,
House,Wisconsin,N/A,1940,District 6,"66,821","Keefe, Frank B.",Incumbent,"30,162","Fessler, Jacob A.",Challenger,Progressive,"19,387","Corrigan, Walter D.",Challenger,N/A,"36,659",R,16.66,68.9,31.1,
House,Wisconsin,N/A,1940,District 7,"58,696","Murray, Reid F.",Incumbent,"14,495","Bloedorn, Wallace A.",Challenger,Progressive,"40,558","Boileau, Gerald J.",Challenger,N/A,"18,138",R,35.66,80.2,19.8,
House,Wisconsin,N/A,1940,District 8,"61,987","Johns, Joshua L.",Incumbent,N/A,N/A,N/A,Progressive,"49,005","Kresky, Michael F.",Challenger,N/A,"12,982",R,44.15,100,0,
House,Wisconsin,N/A,1940,District 9,"47,825","Nygaard, John R.",Challenger,"6,763","Hughes, James Frederic",Challenger,Progressive,"61,009","Hull, Merlin",Incumbent,N/A,"13,184",PR,52.78,87.61,12.39,
House,Wisconsin,N/A,1940,District 10,"37,819","Van Nostrand, Peter",Challenger,"17,284","Green, John G.",Challenger,Progressive,"50,776","Gehrmann, Bernard J.",Incumbent,N/A,"12,957",PR,47.96,68.63,31.37,
House,Wyoming,N/A,1940,At Large,"49,701","Horton, Frank O.",Incumbent,"57,030","McIntyre, John J.",Challenger,N/A,N/A,N/A,N/A,N/A,"7,329",D,0,46.57,53.43,
